日期,代號,名稱,收盤價,RSI,戰場預判,籌碼訊號,行動指令,1D_最高漲幅%,1D_最大跌幅%,1D_最終漲幅%,1D_觸及停損,5D_最高漲幅%,5D_最大跌幅%,5D_最終漲幅%,5D_觸及停損,10D_最高漲幅%,10D_最大跌幅%,10D_最終漲幅%,10D_觸及停損,20D_最高漲幅%,20D_最大跌幅%,20D_最終漲幅%,20D_觸及停損
2026-05-19,2880.TW,[🟢 伏擊 (低檔金叉)] 現價 32.8 | 營收 47.0%,32.3,39.89,無特殊徵兆,➖ 中性/偏空 | ✅ 融資退潮，籌碼乾淨,🔥【波段抱牢】防守線: 31.0,-0.7739961700911774,-0.7739961700911774,-0.7739961700911774,False,-0.7739961700911774,-6.656347930246823,-6.656347930246823,True,5.417954294305108,-8.359131945914152,5.417954294305108,True,16.71826861591163,-8.359131945914152,15.944274807862094,True
2026-06-21,9939.TW,宏全,134.0,69.76,無特殊徵兆,➖ 中性/偏空,✅ 趨勢追蹤中，尚未觸發佈局點,-1.8656716417910446,-1.8656716417910446,-1.8656716417910446,False,,,,False,,,,False,,,,False
2026-06-21,9933.TW,中鼎,42.65,60.66,無特殊徵兆,➖ 中性/偏空,✅ 趨勢追蹤中，尚未觸發佈局點,2.5791324736225123,2.5791324736225123,2.5791324736225123,False,,,,False,,,,False,,,,False
2026-06-21,8431.TWO,匯鑽科,57.6,54.28,無特殊徵兆,➖ 中性/偏空,✅ 趨勢追蹤中，尚未觸發佈局點,-0.3472195731269013,-0.3472195731269013,-0.3472195731269013,False,,,,False,,,,False,,,,False
2026-06-21,6573.TW,虹揚,16.2,59.65,無特殊徵兆,➖ 中性/偏空,✅ 趨勢追蹤中，尚未觸發佈局點,9.876538500373751,9.876538500373751,9.876538500373751,False,,,,False,,,,False,,,,False
2026-06-21,6415.TW,矽力-KY,629.0,62.99,無特殊徵兆,➖ 中性/偏空,✅ 趨勢追蹤中，尚未觸發佈局點,6.995230524642289,6.995230524642289,6.995230524642289,False,,,,False,,,,False,,,,False
2026-06-21,6269.TW,台郡,79.6,65.0,無特殊徵兆,➖ 中性/偏空,✅ 趨勢追蹤中，尚未觸發佈局點,9.924623115577898,9.924623115577898,9.924623115577898,False,,,,False,,,,False,,,,False
2026-06-21,3481.TW,群創,64.4,71.87,無特殊徵兆,➖ 中性/偏空,✅ 趨勢追蹤中，尚未觸發佈局點,2.484472049689432,2.484472049689432,2.484472049689432,False,,,,False,,,,False,,,,False
2026-06-21,4904.TW,遠傳,108.5,66.47,無特殊徵兆,➖ 中性/偏空,✅ 趨勢追蹤中，尚未觸發佈局點,-0.4608294930875576,-0.4608294930875576,-0.4608294930875576,False,,,,False,,,,False,,,,False
2026-06-21,3714.TW,富采,67.2,48.8,無特殊徵兆,➖ 中性/偏空,✅ 趨勢追蹤中，尚未觸發佈局點,8.482145127795986,8.482145127795986,8.482145127795986,False,,,,False,,,,False,,,,False
2026-06-21,3324.TWO,雙鴻,1070.0,51.47,無特殊徵兆,➖ 中性/偏空,✅ 趨勢追蹤中，尚未觸發佈局點,0.46728971962616817,0.46728971962616817,0.46728971962616817,False,,,,False,,,,False,,,,False
2026-06-21,3231.TW,緯創,161.5,53.62,無特殊徵兆,➖ 中性/偏空,✅ 趨勢追蹤中，尚未觸發佈局點,0.6191950464396285,0.6191950464396285,0.6191950464396285,False,,,,False,,,,False,,,,False
2026-06-21,3049.TW,精金,14.45,53.5,無特殊徵兆,➖ 中性/偏空,✅ 趨勢追蹤中，尚未觸發佈局點,-1.0380609637725675,-1.0380609637725675,-1.0380609637725675,False,,,,False,,,,False,,,,False
2026-06-21,1409.TW,新纖,25.6,58.87,無特殊徵兆,➖ 中性/偏空,✅ 趨勢追蹤中，尚未觸發佈局點,9.960936009883875,9.960936009883875,9.960936009883875,False,,,,False,,,,False,,,,False
2026-06-21,3163.TWO,波若威,893.0,42.9,無特殊徵兆,➖ 中性/偏空,✅ 趨勢追蹤中，尚未觸發佈局點,-2.57558790593505,-2.57558790593505,-2.57558790593505,False,,,,False,,,,False,,,,False
2026-06-21,6116.TW,彩晶,18.8,63.82,無特殊徵兆,➖ 中性/偏空,✅ 趨勢追蹤中，尚未觸發佈局點,6.117025334784321,6.117025334784321,6.117025334784321,False,,,,False,,,,False,,,,False
2026-06-21,8086.TWO,宏捷科技,166.0,57.71,無特殊徵兆,➖ 中性/偏空,✅ 趨勢追蹤中，尚未觸發佈局點,-0.30120481927710846,-0.30120481927710846,-0.30120481927710846,False,,,,False,,,,False,,,,False
2026-06-21,3481.TW,3481,64.4,71.87,無特殊徵兆,➖ 中性/偏空,✅ 趨勢追蹤中，尚未觸發佈局點,2.484472049689432,2.484472049689432,2.484472049689432,False,,,,False,,,,False,,,,False
2026-06-21,2002.TW,2002,19.1,53.26,無特殊徵兆,➖ 中性/偏空,✅ 趨勢追蹤中，尚未觸發佈局點,2.0942408376963275,2.0942408376963275,2.0942408376963275,False,,,,False,,,,False,,,,False
2026-06-21,3037.TW,欣興,968.0,54.62,無特殊徵兆,➖ 中性/偏空,✅ 趨勢追蹤中，尚未觸發佈局點,3.8223140495867765,3.8223140495867765,3.8223140495867765,False,,,,False,,,,False,,,,False
2026-06-21,3131.TWO,3131O,3520.0,61.78,無特殊徵兆,➖ 中性/偏空,✅ 趨勢追蹤中，尚未觸發佈局點,1.8465909090909092,1.8465909090909092,1.8465909090909092,False,,,,False,,,,False,,,,False
2026-06-21,3227.TWO,3227O,225.0,54.66,無特殊徵兆,➖ 中性/偏空,✅ 趨勢追蹤中，尚未觸發佈局點,2.2222222222222223,2.2222222222222223,2.2222222222222223,False,,,,False,,,,False,,,,False
2026-06-21,8081.TW,8081,319.0,70.36,無特殊徵兆,➖ 中性/偏空,✅ 趨勢追蹤中，尚未觸發佈局點,7.053291536050156,7.053291536050156,7.053291536050156,False,,,,False,,,,False,,,,False
2026-06-21,3583.TW,3583,889.0,58.4,無特殊徵兆,➖ 中性/偏空,✅ 趨勢追蹤中，尚未觸發佈局點,0.0,0.0,0.0,False,,,,False,,,,False,,,,False
2026-06-21,6116.TW,6116,18.8,63.82,無特殊徵兆,➖ 中性/偏空,✅ 趨勢追蹤中，尚未觸發佈局點,6.117025334784321,6.117025334784321,6.117025334784321,False,,,,False,,,,False,,,,False
2026-06-21,2409.TW,2409,28.15,66.19,無特殊徵兆,➖ 中性/偏空,✅ 趨勢追蹤中，尚未觸發佈局點,9.946716742236074,9.946716742236074,9.946716742236074,False,,,,False,,,,False,,,,False
2026-06-21,2207.TW,2207,482.0,59.75,🔥【旱地拔蔥】底部極端爆量，長紅突破季線！,➖ 中性/偏空,🐉【妖股起漲預警】資金強勢介入，無視基本面，強烈建議觀察試單！,-0.2074688796680498,-0.2074688796680498,-0.2074688796680498,False,,,,False,,,,False,,,,False
2026-06-21,2890.TW,2890,39.8,81.09,無特殊徵兆,➖ 中性/偏空,✅ 趨勢追蹤中，尚未觸發佈局點,-1.9169332921679123e-06,-1.9169332921679123e-06,-1.9169332921679123e-06,False,,,,False,,,,False,,,,False
2026-06-21,4904.TW,4904,108.5,66.47,無特殊徵兆,➖ 中性/偏空,✅ 趨勢追蹤中，尚未觸發佈局點,-0.4608294930875576,-0.4608294930875576,-0.4608294930875576,False,,,,False,,,,False,,,,False
2026-06-21,2455.TW,全新光電,416.0,56.01,無特殊徵兆,➖ 中性/偏空,✅ 趨勢追蹤中，尚未觸發佈局點,-1.5625,-1.5625,-1.5625,False,,,,False,,,,False,,,,False
2026-06-21,2887.TW,台新金,32.45,78.73,無特殊徵兆,➖ 中性/偏空,✅ 趨勢追蹤中，尚未觸發佈局點,-1.2326679905684312,-1.2326679905684312,-1.2326679905684312,False,,,,False,,,,False,,,,False
2026-06-21,6239.TW,力成,363.5,62.75,無特殊徵兆,➖ 中性/偏空,✅ 趨勢追蹤中，尚未觸發佈局點,0.6877579092159559,0.6877579092159559,0.6877579092159559,False,,,,False,,,,False,,,,False
2026-06-21,2886.TW,兆豐金,45.5,79.32,無特殊徵兆,➖ 中性/偏空,✅ 趨勢追蹤中，尚未觸發佈局點,-1.6483516483516485,-1.6483516483516485,-1.6483516483516485,False,,,,False,,,,False,,,,False
2026-06-21,1802.TW,台玻,71.3,56.82,無特殊徵兆,➖ 中性/偏空,✅ 趨勢追蹤中，尚未觸發佈局點,7.43337794406886,7.43337794406886,7.43337794406886,False,,,,False,,,,False,,,,False
2026-06-21,1795.TW,美時,193.0,42.34,無特殊徵兆,➖ 中性/偏空,✅ 趨勢追蹤中，尚未觸發佈局點,-0.7772020725388601,-0.7772020725388601,-0.7772020725388601,False,,,,False,,,,False,,,,False
2026-06-21,1609.TW,大亞,38.15,54.26,無特殊徵兆,➖ 中性/偏空,✅ 趨勢追蹤中，尚未觸發佈局點,-0.5242443959647325,-0.5242443959647325,-0.5242443959647325,False,,,,False,,,,False,,,,False
2026-06-21,1605.TW,華新,39.0,56.71,無特殊徵兆,➖ 中性/偏空,✅ 趨勢追蹤中，尚未觸發佈局點,4.487179487179487,4.487179487179487,4.487179487179487,False,,,,False,,,,False,,,,False
2026-06-21,1536.TW,和大,48.7,42.98,無特殊徵兆,➖ 中性/偏空,✅ 趨勢追蹤中，尚未觸發佈局點,5.954822328790741,5.954822328790741,5.954822328790741,False,,,,False,,,,False,,,,False
2026-06-21,1513.TW,中興電,176.5,61.68,無特殊徵兆,➖ 中性/偏空,✅ 趨勢追蹤中，尚未觸發佈局點,2.5495750708215295,2.5495750708215295,2.5495750708215295,False,,,,False,,,,False,,,,False
2026-06-21,1476.TW,儒鴻,327.0,48.69,無特殊徵兆,➖ 中性/偏空,✅ 趨勢追蹤中，尚未觸發佈局點,-3.058103975535168,-3.058103975535168,-3.058103975535168,False,,,,False,,,,False,,,,False
2026-06-21,1326.TW,台化,54.2,61.51,無特殊徵兆,➖ 中性/偏空,✅ 趨勢追蹤中，尚未觸發佈局點,2.5183983834467196,2.5183983834467196,2.5183983834467196,False,,,,False,,,,False,,,,False
2026-06-21,8150.TW,南茂,104.0,60.02,無特殊徵兆,➖ 中性/偏空,✅ 趨勢追蹤中，尚未觸發佈局點,9.615384615384617,9.615384615384617,9.615384615384617,False,,,,False,,,,False,,,,False
2026-06-21,3019.TW,亞光,160.5,59.88,無特殊徵兆,➖ 中性/偏空,✅ 趨勢追蹤中，尚未觸發佈局點,-1.4179455528378115,-1.4179455528378115,-1.4179455528378115,False,,,,False,,,,False,,,,False
2026-06-21,00881.TW,台灣科技龍頭,55.4,62.06,無特殊徵兆,➖ 中性/偏空,✅ 趨勢追蹤中，尚未觸發佈局點,3.5198528413738184,3.5198528413738184,3.5198528413738184,False,,,,False,,,,False,,,,False
2026-06-21,009816.TW,台灣凱基50,15.68,64.53,庫存動態防禦,➖ 中性/偏空,🔥【獲利巡航】獲利奔跑中，防禦線上移至 14.87！,3.125000486568531,3.125000486568531,3.125000486568531,False,,,,False,,,,False,,,,False
2026-06-21,0050.TW,元大台灣50,107.3,64.79,庫存動態防禦,➖ 中性/偏空,🛡️【洗盤耐受區】嚴禁攤平加碼，死守底線 (102.43)！,3.588072251518089,3.588072251518089,3.588072251518089,False,,,,False,,,,False,,,,False
2026-06-21,2883.TW,凱基金,30.75,77.66,無特殊徵兆,➖ 中性/偏空,✅ 趨勢追蹤中，尚未觸發佈局點,-1.300811767578125,-1.300811767578125,-1.300811767578125,False,,,,False,,,,False,,,,False
2026-06-21,2302.TW,麗正,47.0,77.72,無特殊徵兆,➖ 中性/偏空,✅ 趨勢追蹤中，尚未觸發佈局點,1.3829819699551196,1.3829819699551196,1.3829819699551196,False,,,,False,,,,False,,,,False
2026-06-21,2303.TW,聯電,145.5,64.94,無特殊徵兆,➖ 中性/偏空,✅ 趨勢追蹤中，尚未觸發佈局點,9.965635738831615,9.965635738831615,9.965635738831615,False,,,,False,,,,False,,,,False
2026-06-21,00878.TW,國泰高股息,33.67,72.47,無特殊徵兆,➖ 中性/偏空,✅ 趨勢追蹤中，尚未觸發佈局點,1.336498164195913,1.336498164195913,1.336498164195913,False,,,,False,,,,False,,,,False
2026-06-21,2324.TW,仁寶,37.75,55.1,無特殊徵兆,➖ 中性/偏空,✅ 趨勢追蹤中，尚未觸發佈局點,-0.6622516556291391,-0.6622516556291391,-0.6622516556291391,False,,,,False,,,,False,,,,False
2026-06-21,2317.TW,鴻海,268.5,52.55,無特殊徵兆,➖ 中性/偏空,✅ 趨勢追蹤中，尚未觸發佈局點,0.0,0.0,0.0,False,,,,False,,,,False,,,,False
2026-06-21,2606.TW,裕民,61.5,41.72,無特殊徵兆,➖ 中性/偏空,✅ 趨勢追蹤中，尚未觸發佈局點,0.8130081300813009,0.8130081300813009,0.8130081300813009,False,,,,False,,,,False,,,,False
2026-06-21,2409.TW,友達,28.15,66.19,無特殊徵兆,➖ 中性/偏空,✅ 趨勢追蹤中，尚未觸發佈局點,9.946716742236074,9.946716742236074,9.946716742236074,False,,,,False,,,,False,,,,False
2026-06-21,2408.TW,南亞科,459.5,70.22,無特殊徵兆,➖ 中性/偏空,✅ 趨勢追蹤中，尚未觸發佈局點,9.902067464635474,9.902067464635474,9.902067464635474,False,,,,False,,,,False,,,,False
2026-06-21,2382.TW,廣達,376.0,58.13,無特殊徵兆,➖ 中性/偏空,✅ 趨勢追蹤中，尚未觸發佈局點,1.0638297872340425,1.0638297872340425,1.0638297872340425,False,,,,False,,,,False,,,,False
2026-06-21,2379.TW,瑞昱,819.0,75.28,無特殊徵兆,➖ 中性/偏空,✅ 趨勢追蹤中，尚未觸發佈局點,9.89010989010989,9.89010989010989,9.89010989010989,False,,,,False,,,,False,,,,False
2026-06-21,2454.TW,聯發科,4390.0,58.52,無特殊徵兆,➖ 中性/偏空,✅ 趨勢追蹤中，尚未觸發佈局點,1.7084282460136675,1.7084282460136675,1.7084282460136675,False,,,,False,,,,False,,,,False
2026-06-21,2371.TW,大同,28.3,42.73,無特殊徵兆,➖ 中性/偏空,✅ 趨勢追蹤中，尚未觸發佈局點,-0.5300366836386122,-0.5300366836386122,-0.5300366836386122,False,,,,False,,,,False,,,,False
2026-06-21,2330.TW,台積電,2410.0,62.59,無特殊徵兆,➖ 中性/偏空,✅ 趨勢追蹤中，尚未觸發佈局點,4.149377593360995,4.149377593360995,4.149377593360995,False,,,,False,,,,False,,,,False
2026-06-21,2377.TW,微星,138.5,59.74,無特殊徵兆,➖ 中性/偏空,✅ 趨勢追蹤中，尚未觸發佈局點,-1.083032490974729,-1.083032490974729,-1.083032490974729,False,,,,False,,,,False,,,,False
2026-06-21,2344.TW,華邦電,218.5,75.14,無特殊徵兆,➖ 中性/偏空,✅ 趨勢追蹤中，尚未觸發佈局點,1.6018306636155606,1.6018306636155606,1.6018306636155606,False,,,,False,,,,False,,,,False
2026-06-21,2637.TW,慧洋,77.4,59.01,無特殊徵兆,➖ 中性/偏空,✅ 趨勢追蹤中，尚未觸發佈局點,-0.38759887064458903,-0.38759887064458903,-0.38759887064458903,False,,,,False,,,,False,,,,False
2026-06-21,2352.TW,佳士達,30.85,57.37,無特殊徵兆,➖ 中性/偏空,✅ 趨勢追蹤中，尚未觸發佈局點,1.9448971246011402,1.9448971246011402,1.9448971246011402,False,,,,False,,,,False,,,,False
2026-06-21,2353.TW,宏碁,34.4,52.43,無特殊徵兆,➖ 中性/偏空,✅ 趨勢追蹤中，尚未觸發佈局點,-1.1627906976744147,-1.1627906976744147,-1.1627906976744147,False,,,,False,,,,False,,,,False
2026-06-21,2356.TW,英業達,67.7,55.17,無特殊徵兆,➖ 中性/偏空,✅ 趨勢追蹤中，尚未觸發佈局點,0.14771499521094483,0.14771499521094483,0.14771499521094483,False,,,,False,,,,False,,,,False
2026-06-22,2606.TW,裕民,62.0,43.54,無特殊徵兆,➖ 中性/偏空,✅ 趨勢追蹤中，尚未觸發佈局點,-0.4838697371944305,-0.4838697371944305,-0.4838697371944305,False,,,,False,,,,False,,,,False
2026-06-22,1795.TW,美時,191.5,40.99,無特殊徵兆,➖ 中性/偏空,✅ 趨勢追蹤中，尚未觸發佈局點,-0.5221932114882507,-0.5221932114882507,-0.5221932114882507,False,,,,False,,,,False,,,,False
2026-06-22,1802.TW,台玻,76.6,63.43,無特殊徵兆,➖ 中性/偏空,✅ 趨勢追蹤中，尚未觸發佈局點,-8.746734300419176,-8.746734300419176,-8.746734300419176,True,,,,False,,,,False,,,,False
2026-06-22,2317.TW,鴻海,269.0,52.84,無特殊徵兆,➖ 中性/偏空,✅ 趨勢追蹤中，尚未觸發佈局點,-3.5315985130111525,-3.5315985130111525,-3.5315985130111525,False,,,,False,,,,False,,,,False
2026-06-22,2330.TW,台積電,2510.0,69.51,無特殊徵兆,➖ 中性/偏空,✅ 趨勢追蹤中，尚未觸發佈局點,-0.796812749003984,-0.796812749003984,-0.796812749003984,False,,,,False,,,,False,,,,False
2026-06-22,2352.TW,佳士達,31.35,59.41,無特殊徵兆,➖ 中性/偏空,✅ 趨勢追蹤中，尚未觸發佈局點,-0.7974469490598879,-0.7974469490598879,-0.7974469490598879,False,,,,False,,,,False,,,,False
2026-06-22,2353.TW,宏碁,34.2,51.8,無特殊徵兆,➖ 中性/偏空,✅ 趨勢追蹤中，尚未觸發佈局點,-2.339176824915487,-2.339176824915487,-2.339176824915487,False,,,,False,,,,False,,,,False
2026-06-22,2377.TW,微星,137.0,58.0,無特殊徵兆,➖ 中性/偏空,✅ 趨勢追蹤中，尚未觸發佈局點,-2.5547445255474455,-2.5547445255474455,-2.5547445255474455,False,,,,False,,,,False,,,,False
2026-06-22,2382.TW,廣達,376.5,58.31,無特殊徵兆,➖ 中性/偏空,✅ 趨勢追蹤中，尚未觸發佈局點,-1.0624169986719787,-1.0624169986719787,-1.0624169986719787,False,,,,False,,,,False,,,,False
2026-06-22,2449.TW,京元電子,339.0,62.73,無特殊徵兆,➖ 中性/偏空,✅ 趨勢追蹤中，尚未觸發佈局點,-2.8023598820058995,-2.8023598820058995,-2.8023598820058995,False,,,,False,,,,False,,,,False
2026-06-22,2454.TW,聯發科,4490.0,60.39,無特殊徵兆,➖ 中性/偏空,✅ 趨勢追蹤中，尚未觸發佈局點,1.0022271714922049,1.0022271714922049,1.0022271714922049,False,,,,False,,,,False,,,,False
2026-06-22,1609.TW,大亞,38.55,55.7,無特殊徵兆,➖ 中性/偏空,✅ 趨勢追蹤中，尚未觸發佈局點,-3.631643253232402,-3.631643253232402,-3.631643253232402,False,,,,False,,,,False,,,,False
2026-06-22,2324.TW,仁寶,37.65,54.77,無特殊徵兆,➖ 中性/偏空,✅ 趨勢追蹤中，尚未觸發佈局點,-2.921648772747548,-2.921648772747548,-2.921648772747548,False,,,,False,,,,False,,,,False
2026-06-22,3231.TW,緯創,162.5,54.31,無特殊徵兆,➖ 中性/偏空,✅ 趨勢追蹤中，尚未觸發佈局點,-2.4615384615384617,-2.4615384615384617,-2.4615384615384617,False,,,,False,,,,False,,,,False
2026-06-22,2886.TW,兆豐金,44.75,70.2,無特殊徵兆,➖ 中性/偏空,✅ 趨勢追蹤中，尚未觸發佈局點,1.0055882970714036,1.0055882970714036,1.0055882970714036,False,,,,False,,,,False,,,,False
2026-06-22,2883.TW,凱基金,30.35,74.33,無特殊徵兆,➖ 中性/偏空,✅ 趨勢追蹤中，尚未觸發佈局點,-0.8237219720931626,-0.8237219720931626,-0.8237219720931626,False,,,,False,,,,False,,,,False
2026-06-22,2887.TW,台新金,32.1,75.53,無特殊徵兆,➖ 中性/偏空,✅ 趨勢追蹤中，尚未觸發佈局點,0.15576799339222686,0.15576799339222686,0.15576799339222686,False,,,,False,,,,False,,,,False
2026-06-22,3037.TW,欣興,1010.0,58.38,無特殊徵兆,➖ 中性/偏空,✅ 趨勢追蹤中，尚未觸發佈局點,-3.564356435643564,-3.564356435643564,-3.564356435643564,False,,,,False,,,,False,,,,False
2026-06-22,3049.TW,精金,14.4,53.16,無特殊徵兆,➖ 中性/偏空,✅ 趨勢追蹤中，尚未觸發佈局點,-4.861112435658775,-4.861112435658775,-4.861112435658775,False,,,,False,,,,False,,,,False
2026-06-22,3163.TWO,波若威,871.0,41.31,無特殊徵兆,➖ 中性/偏空,✅ 趨勢追蹤中，尚未觸發佈局點,-0.3444316877152698,-0.3444316877152698,-0.3444316877152698,False,,,,False,,,,False,,,,False
2026-06-22,3714.TW,富采,72.8,57.53,無特殊徵兆,➖ 中性/偏空,✅ 趨勢追蹤中，尚未觸發佈局點,-3.708793304778714,-3.708793304778714,-3.708793304778714,False,,,,False,,,,False,,,,False
2026-06-22,4904.TW,遠傳,108.0,64.71,無特殊徵兆,➖ 中性/偏空,✅ 趨勢追蹤中，尚未觸發佈局點,-0.9259259259259258,-0.9259259259259258,-0.9259259259259258,False,,,,False,,,,False,,,,False
2026-06-22,6239.TW,力成,370.0,63.95,無特殊徵兆,➖ 中性/偏空,✅ 趨勢追蹤中，尚未觸發佈局點,-7.027027027027027,-7.027027027027027,-7.027027027027027,True,,,,False,,,,False,,,,False
2026-06-22,6269.TW,台郡,87.5,71.27,無特殊徵兆,➖ 中性/偏空,✅ 趨勢追蹤中，尚未觸發佈局點,-4.228567940848214,-4.228567940848214,-4.228567940848214,False,,,,False,,,,False,,,,False
2026-06-22,8431.TWO,匯鑽科,57.3,53.59,無特殊徵兆,➖ 中性/偏空,✅ 趨勢追蹤中，尚未觸發佈局點,-4.013961605584637,-4.013961605584637,-4.013961605584637,False,,,,False,,,,False,,,,False
2026-06-22,9933.TW,中鼎,43.6,63.99,無特殊徵兆,➖ 中性/偏空,✅ 趨勢追蹤中，尚未觸發佈局點,-0.688075144356547,-0.688075144356547,-0.688075144356547,False,,,,False,,,,False,,,,False
2026-06-22,1476.TW,儒鴻,317.5,42.29,無特殊徵兆,➖ 中性/偏空,✅ 趨勢追蹤中，尚未觸發佈局點,-1.574803149606299,-1.574803149606299,-1.574803149606299,False,,,,False,,,,False,,,,False
2026-06-22,2637.TW,慧洋,77.0,57.52,無特殊徵兆,➖ 中性/偏空,✅ 趨勢追蹤中，尚未觸發佈局點,-0.2597362964184253,-0.2597362964184253,-0.2597362964184253,False,,,,False,,,,False,,,,False
2026-06-22,1326.TW,台化,56.2,65.18,無特殊徵兆,➖ 中性/偏空,✅ 趨勢追蹤中，尚未觸發佈局點,-6.583629893238439,-6.583629893238439,-6.583629893238439,True,,,,False,,,,False,,,,False
2026-06-22,2002.TW,2002,19.55,59.15,無特殊徵兆,➖ 中性/偏空,✅ 趨勢追蹤中，尚未觸發佈局點,-1.7902774274196807,-1.7902774274196807,-1.7902774274196807,False,,,,False,,,,False,,,,False
2026-06-22,8150.TW,南茂,114.0,65.67,無特殊徵兆,➖ 中性/偏空,✅ 趨勢追蹤中，尚未觸發佈局點,-6.578947368421052,-6.578947368421052,-6.578947368421052,True,,,,False,,,,False,,,,False
2026-06-22,3049.TW,精金,14.35,52.83,無特殊徵兆,➖ 中性/偏空,✅ 趨勢追蹤中，尚未觸發佈局點,-4.529618053901483,-4.529618053901483,-4.529618053901483,False,,,,False,,,,False,,,,False
2026-06-22,3163.TWO,波若威,871.0,41.31,無特殊徵兆,➖ 中性/偏空,✅ 趨勢追蹤中，尚未觸發佈局點,-0.3444316877152698,-0.3444316877152698,-0.3444316877152698,False,,,,False,,,,False,,,,False
2026-06-22,3231.TW,緯創,162.5,54.31,無特殊徵兆,➖ 中性/偏空,✅ 趨勢追蹤中，尚未觸發佈局點,-2.4615384615384617,-2.4615384615384617,-2.4615384615384617,False,,,,False,,,,False,,,,False
2026-06-22,3714.TW,富采,73.5,58.41,無特殊徵兆,➖ 中性/偏空,✅ 趨勢追蹤中，尚未觸發佈局點,-4.625852416161777,-4.625852416161777,-4.625852416161777,False,,,,False,,,,False,,,,False
2026-06-22,4904.TW,遠傳,109.0,67.36,無特殊徵兆,➖ 中性/偏空,✅ 趨勢追蹤中，尚未觸發佈局點,-1.834862385321101,-1.834862385321101,-1.834862385321101,False,,,,False,,,,False,,,,False
2026-06-22,6239.TW,力成,369.5,63.86,無特殊徵兆,➖ 中性/偏空,✅ 趨勢追蹤中，尚未觸發佈局點,-6.901217861975644,-6.901217861975644,-6.901217861975644,True,,,,False,,,,False,,,,False
2026-06-22,6269.TW,台郡,87.5,71.27,無特殊徵兆,➖ 中性/偏空,✅ 趨勢追蹤中，尚未觸發佈局點,-4.228567940848214,-4.228567940848214,-4.228567940848214,False,,,,False,,,,False,,,,False
2026-06-22,8431.TWO,匯鑽科,57.4,53.82,無特殊徵兆,➖ 中性/偏空,✅ 趨勢追蹤中，尚未觸發佈局點,-4.181184668989545,-4.181184668989545,-4.181184668989545,False,,,,False,,,,False,,,,False
2026-06-22,9933.TW,中鼎,43.95,65.08,無特殊徵兆,➖ 中性/偏空,✅ 趨勢追蹤中，尚未觸發佈局點,-1.478955092012414,-1.478955092012414,-1.478955092012414,False,,,,False,,,,False,,,,False
2026-06-22,9939.TW,宏全,132.0,62.82,無特殊徵兆,➖ 中性/偏空,✅ 趨勢追蹤中，尚未觸發佈局點,-0.3787878787878788,-0.3787878787878788,-0.3787878787878788,False,,,,False,,,,False,,,,False
2026-06-22,1409.TW,新纖,28.15,65.32,無特殊徵兆,➖ 中性/偏空,✅ 趨勢追蹤中，尚未觸發佈局點,1.4209564371600294,1.4209564371600294,1.4209564371600294,False,,,,False,,,,False,,,,False
2026-06-22,8086.TWO,宏捷科技,165.5,57.27,無特殊徵兆,➖ 中性/偏空,✅ 趨勢追蹤中，尚未觸發佈局點,-3.625377643504532,-3.625377643504532,-3.625377643504532,False,,,,False,,,,False,,,,False
2026-06-22,2455.TW,全新光電,400.5,53.09,無特殊徵兆,➖ 中性/偏空,✅ 趨勢追蹤中，尚未觸發佈局點,-0.6242197253433208,-0.6242197253433208,-0.6242197253433208,False,,,,False,,,,False,,,,False
2026-06-22,9939.TW,宏全,132.0,62.82,無特殊徵兆,➖ 中性/偏空,✅ 趨勢追蹤中，尚未觸發佈局點,-0.3787878787878788,-0.3787878787878788,-0.3787878787878788,False,,,,False,,,,False,,,,False
2026-06-22,1301.TW,1301,52.8,64.52,無特殊徵兆,➖ 中性/偏空,✅ 趨勢追蹤中，尚未觸發佈局點,-6.155304475264111,-6.155304475264111,-6.155304475264111,True,,,,False,,,,False,,,,False
2026-06-22,2449.TW,2449,339.0,62.73,無特殊徵兆,➖ 中性/偏空,✅ 趨勢追蹤中，尚未觸發佈局點,-2.8023598820058995,-2.8023598820058995,-2.8023598820058995,False,,,,False,,,,False,,,,False
2026-06-22,4904.TW,4904,109.0,67.36,無特殊徵兆,➖ 中性/偏空,✅ 趨勢追蹤中，尚未觸發佈局點,-1.834862385321101,-1.834862385321101,-1.834862385321101,False,,,,False,,,,False,,,,False
2026-06-22,2890.TW,2890,39.9,81.26,無特殊徵兆,➖ 中性/偏空,✅ 趨勢追蹤中，尚未觸發佈局點,-0.25062847854499176,-0.25062847854499176,-0.25062847854499176,False,,,,False,,,,False,,,,False
2026-06-22,1301.TW,1301,52.8,64.52,無特殊徵兆,➖ 中性/偏空,✅ 趨勢追蹤中，尚未觸發佈局點,-6.155304475264111,-6.155304475264111,-6.155304475264111,True,,,,False,,,,False,,,,False
2026-06-22,2207.TW,2207,479.0,58.02,無特殊徵兆,➖ 中性/偏空,✅ 趨勢追蹤中，尚未觸發佈局點,1.2526096033402923,1.2526096033402923,1.2526096033402923,False,,,,False,,,,False,,,,False
2026-06-22,2449.TW,2449,339.0,62.73,無特殊徵兆,➖ 中性/偏空,✅ 趨勢追蹤中，尚未觸發佈局點,-2.8023598820058995,-2.8023598820058995,-2.8023598820058995,False,,,,False,,,,False,,,,False
2026-06-22,8081.TW,8081,340.0,75.42,無特殊徵兆,➖ 中性/偏空,✅ 趨勢追蹤中，尚未觸發佈局點,-6.470588235294119,-6.470588235294119,-6.470588235294119,True,,,,False,,,,False,,,,False
2026-06-22,3227.TWO,3227O,230.0,58.55,無特殊徵兆,➖ 中性/偏空,✅ 趨勢追蹤中，尚未觸發佈局點,-0.8695652173913043,-0.8695652173913043,-0.8695652173913043,False,,,,False,,,,False,,,,False
2026-06-22,2449.TW,2449,339.0,62.73,無特殊徵兆,➖ 中性/偏空,✅ 趨勢追蹤中，尚未觸發佈局點,-2.8023598820058995,-2.8023598820058995,-2.8023598820058995,False,,,,False,,,,False,,,,False
2026-06-22,0050.TW,元大台灣50,111.0,69.97,庫存動態防禦,➖ 中性/偏空,🛡️【洗盤耐受區】嚴禁攤平加碼，死守底線 (104.02)！,-0.8108121854764921,-0.8108121854764921,-0.8108121854764921,False,,,,False,,,,False,,,,False
2026-06-22,009816.TW,台灣凱基50,16.15,68.92,庫存動態防禦,➖ 中性/偏空,🔥【獲利巡航】獲利奔跑中，防禦線上移至 15.21！,-1.1145494301621672,-1.1145494301621672,-1.1145494301621672,False,,,,False,,,,False,,,,False
2026-06-22,00878.TW,國泰高股息,34.13,74.23,無特殊徵兆,➖ 中性/偏空,✅ 趨勢追蹤中，尚未觸發佈局點,-0.43949738577109415,-0.43949738577109415,-0.43949738577109415,False,,,,False,,,,False,,,,False
2026-06-22,00881.TW,台灣科技龍頭,57.35,67.3,無特殊徵兆,➖ 中性/偏空,✅ 趨勢追蹤中，尚未觸發佈局點,-1.1333901256504766,-1.1333901256504766,-1.1333901256504766,False,,,,False,,,,False,,,,False
2026-06-22,3019.TW,亞光,163.0,61.8,無特殊徵兆,➖ 中性/偏空,✅ 趨勢追蹤中，尚未觸發佈局點,-6.503071229150691,-6.503071229150691,-6.503071229150691,True,,,,False,,,,False,,,,False
2026-06-22,1301.TW,台塑,52.5,63.92,無特殊徵兆,➖ 中性/偏空,✅ 趨勢追蹤中，尚未觸發佈局點,-5.619049072265625,-5.619049072265625,-5.619049072265625,True,,,,False,,,,False,,,,False
2026-06-22,1409.TW,新纖,28.15,65.32,無特殊徵兆,➖ 中性/偏空,✅ 趨勢追蹤中，尚未觸發佈局點,1.4209564371600294,1.4209564371600294,1.4209564371600294,False,,,,False,,,,False,,,,False
2026-06-22,8150.TW,南茂,114.0,65.67,無特殊徵兆,➖ 中性/偏空,✅ 趨勢追蹤中，尚未觸發佈局點,-6.578947368421052,-6.578947368421052,-6.578947368421052,True,,,,False,,,,False,,,,False
2026-06-22,2455.TW,全新光電,405.0,53.9,無特殊徵兆,➖ 中性/偏空,✅ 趨勢追蹤中，尚未觸發佈局點,-1.728395061728395,-1.728395061728395,-1.728395061728395,False,,,,False,,,,False,,,,False
2026-06-22,2883.TW,凱基金,30.35,74.33,無特殊徵兆,➖ 中性/偏空,✅ 趨勢追蹤中，尚未觸發佈局點,-0.8237219720931626,-0.8237219720931626,-0.8237219720931626,False,,,,False,,,,False,,,,False
2026-06-22,2887.TW,台新金,32.05,75.1,無特殊徵兆,➖ 中性/偏空,✅ 趨勢追蹤中，尚未觸發佈局點,0.31201724143185366,0.31201724143185366,0.31201724143185366,False,,,,False,,,,False,,,,False
2026-06-22,3037.TW,欣興,1005.0,57.96,無特殊徵兆,➖ 中性/偏空,✅ 趨勢追蹤中，尚未觸發佈局點,-3.084577114427861,-3.084577114427861,-3.084577114427861,False,,,,False,,,,False,,,,False
2026-06-22,3049.TW,精金,14.3,52.51,無特殊徵兆,➖ 中性/偏空,✅ 趨勢追蹤中，尚未觸發佈局點,-4.195805529614433,-4.195805529614433,-4.195805529614433,False,,,,False,,,,False,,,,False
2026-06-22,3163.TWO,波若威,870.0,41.24,無特殊徵兆,➖ 中性/偏空,✅ 趨勢追蹤中，尚未觸發佈局點,-0.22988505747126436,-0.22988505747126436,-0.22988505747126436,False,,,,False,,,,False,,,,False
2026-06-22,3231.TW,緯創,162.5,54.31,無特殊徵兆,➖ 中性/偏空,✅ 趨勢追蹤中，尚未觸發佈局點,-2.4615384615384617,-2.4615384615384617,-2.4615384615384617,False,,,,False,,,,False,,,,False
2026-06-22,3714.TW,富采,72.9,57.65,無特殊徵兆,➖ 中性/偏空,✅ 趨勢追蹤中，尚未觸發佈局點,-3.8408800080643504,-3.8408800080643504,-3.8408800080643504,False,,,,False,,,,False,,,,False
2026-06-22,4904.TW,遠傳,108.0,64.71,無特殊徵兆,➖ 中性/偏空,✅ 趨勢追蹤中，尚未觸發佈局點,-0.9259259259259258,-0.9259259259259258,-0.9259259259259258,False,,,,False,,,,False,,,,False
2026-06-22,6239.TW,力成,366.0,63.22,無特殊徵兆,➖ 中性/偏空,✅ 趨勢追蹤中，尚未觸發佈局點,-6.0109289617486334,-6.0109289617486334,-6.0109289617486334,True,,,,False,,,,False,,,,False
2026-06-22,6269.TW,台郡,87.5,71.27,無特殊徵兆,➖ 中性/偏空,✅ 趨勢追蹤中，尚未觸發佈局點,-4.228567940848214,-4.228567940848214,-4.228567940848214,False,,,,False,,,,False,,,,False
2026-06-22,8431.TWO,匯鑽科,57.4,53.82,無特殊徵兆,➖ 中性/偏空,✅ 趨勢追蹤中，尚未觸發佈局點,-4.181184668989545,-4.181184668989545,-4.181184668989545,False,,,,False,,,,False,,,,False
2026-06-22,9933.TW,中鼎,43.75,64.46,無特殊徵兆,➖ 中性/偏空,✅ 趨勢追蹤中，尚未觸發佈局點,-1.0285731724330358,-1.0285731724330358,-1.0285731724330358,False,,,,False,,,,False,,,,False
2026-06-22,9939.TW,宏全,131.5,61.29,無特殊徵兆,➖ 中性/偏空,✅ 趨勢追蹤中，尚未觸發佈局點,0.0,0.0,0.0,False,,,,False,,,,False,,,,False
2026-06-22,2637.TW,慧洋,77.1,57.88,無特殊徵兆,➖ 中性/偏空,✅ 趨勢追蹤中，尚未觸發佈局點,-0.38910110018441224,-0.38910110018441224,-0.38910110018441224,False,,,,False,,,,False,,,,False
2026-06-22,1409.TW,新纖,28.15,65.32,無特殊徵兆,➖ 中性/偏空,✅ 趨勢追蹤中，尚未觸發佈局點,1.4209564371600294,1.4209564371600294,1.4209564371600294,False,,,,False,,,,False,,,,False
2026-06-22,2455.TW,全新光電,409.5,54.74,無特殊徵兆,➖ 中性/偏空,✅ 趨勢追蹤中，尚未觸發佈局點,-2.8083028083028085,-2.8083028083028085,-2.8083028083028085,False,,,,False,,,,False,,,,False
2026-06-22,2449.TW,2449,339.0,62.73,無特殊徵兆,➖ 中性/偏空,✅ 趨勢追蹤中，尚未觸發佈局點,-2.8023598820058995,-2.8023598820058995,-2.8023598820058995,False,,,,False,,,,False,,,,False
2026-06-22,1802.TW,1802,76.6,63.43,無特殊徵兆,➖ 中性/偏空,✅ 趨勢追蹤中，尚未觸發佈局點,-8.746734300419176,-8.746734300419176,-8.746734300419176,True,,,,False,,,,False,,,,False
2026-06-22,4904.TW,4904,108.0,64.71,無特殊徵兆,➖ 中性/偏空,✅ 趨勢追蹤中，尚未觸發佈局點,-0.9259259259259258,-0.9259259259259258,-0.9259259259259258,False,,,,False,,,,False,,,,False
2026-06-22,3714.TW,3714,72.9,57.65,無特殊徵兆,➖ 中性/偏空,✅ 趨勢追蹤中，尚未觸發佈局點,-3.8408800080643504,-3.8408800080643504,-3.8408800080643504,False,,,,False,,,,False,,,,False
2026-06-22,2449.TW,2449,339.0,62.73,無特殊徵兆,➖ 中性/偏空,✅ 趨勢追蹤中，尚未觸發佈局點,-2.8023598820058995,-2.8023598820058995,-2.8023598820058995,False,,,,False,,,,False,,,,False
2026-06-22,5469.TW,5469,90.6,61.56,無特殊徵兆,➖ 中性/偏空,✅ 趨勢追蹤中，尚未觸發佈局點,-4.194257117265102,-4.194257117265102,-4.194257117265102,False,,,,False,,,,False,,,,False
2026-06-22,1514.TW,1514,127.0,54.86,無特殊徵兆,➖ 中性/偏空,✅ 趨勢追蹤中，尚未觸發佈局點,0.0,0.0,0.0,False,,,,False,,,,False,,,,False
2026-06-22,1802.TW,1802,76.6,63.43,無特殊徵兆,➖ 中性/偏空,✅ 趨勢追蹤中，尚未觸發佈局點,-8.746734300419176,-8.746734300419176,-8.746734300419176,True,,,,False,,,,False,,,,False
2026-06-22,1314.TW,1314,8.04,62.03,無特殊徵兆,➖ 中性/偏空,✅ 趨勢追蹤中，尚未觸發佈局點,-2.363185265764065,-2.363185265764065,-2.363185265764065,False,,,,False,,,,False,,,,False
2026-06-22,3037.TW,欣興,1015.0,58.78,無特殊徵兆,➖ 中性/偏空,✅ 趨勢追蹤中，尚未觸發佈局點,-4.039408866995074,-4.039408866995074,-4.039408866995074,False,,,,False,,,,False,,,,False
2026-06-22,8086.TWO,宏捷科技,165.5,57.27,無特殊徵兆,➖ 中性/偏空,✅ 趨勢追蹤中，尚未觸發佈局點,-3.625377643504532,-3.625377643504532,-3.625377643504532,False,,,,False,,,,False,,,,False
2026-06-22,2606.TW,裕民,62.0,43.54,無特殊徵兆,➖ 中性/偏空,✅ 趨勢追蹤中，尚未觸發佈局點,-0.4838697371944305,-0.4838697371944305,-0.4838697371944305,False,,,,False,,,,False,,,,False
2026-06-22,2454.TW,聯發科,4465.0,59.94,無特殊徵兆,➖ 中性/偏空,✅ 趨勢追蹤中，尚未觸發佈局點,1.5677491601343785,1.5677491601343785,1.5677491601343785,False,,,,False,,,,False,,,,False
2026-06-22,2449.TW,京元電子,339.0,62.73,無特殊徵兆,➖ 中性/偏空,✅ 趨勢追蹤中，尚未觸發佈局點,-2.8023598820058995,-2.8023598820058995,-2.8023598820058995,False,,,,False,,,,False,,,,False
2026-06-22,2002.TW,2002,19.45,57.98,無特殊徵兆,➖ 中性/偏空,✅ 趨勢追蹤中，尚未觸發佈局點,-1.2853431211339135,-1.2853431211339135,-1.2853431211339135,False,,,,False,,,,False,,,,False
2026-06-22,1301.TW,1301,52.5,63.92,無特殊徵兆,➖ 中性/偏空,✅ 趨勢追蹤中，尚未觸發佈局點,-5.619049072265625,-5.619049072265625,-5.619049072265625,True,,,,False,,,,False,,,,False
2026-06-22,2449.TW,2449,339.0,62.73,無特殊徵兆,➖ 中性/偏空,✅ 趨勢追蹤中，尚未觸發佈局點,-2.8023598820058995,-2.8023598820058995,-2.8023598820058995,False,,,,False,,,,False,,,,False
2026-06-22,4904.TW,4904,108.0,64.71,無特殊徵兆,➖ 中性/偏空,✅ 趨勢追蹤中，尚未觸發佈局點,-0.9259259259259258,-0.9259259259259258,-0.9259259259259258,False,,,,False,,,,False,,,,False
2026-06-22,2890.TW,2890,39.8,81.09,無特殊徵兆,➖ 中性/偏空,✅ 趨勢追蹤中，尚未觸發佈局點,-1.9169332921679123e-06,-1.9169332921679123e-06,-1.9169332921679123e-06,False,,,,False,,,,False,,,,False
2026-06-22,1301.TW,1301,52.5,63.92,無特殊徵兆,➖ 中性/偏空,✅ 趨勢追蹤中，尚未觸發佈局點,-5.619049072265625,-5.619049072265625,-5.619049072265625,True,,,,False,,,,False,,,,False
2026-06-22,2207.TW,2207,480.0,58.59,無特殊徵兆,➖ 中性/偏空,✅ 趨勢追蹤中，尚未觸發佈局點,1.0416666666666665,1.0416666666666665,1.0416666666666665,False,,,,False,,,,False,,,,False
2026-06-22,2449.TW,2449,339.0,62.73,無特殊徵兆,➖ 中性/偏空,✅ 趨勢追蹤中，尚未觸發佈局點,-2.8023598820058995,-2.8023598820058995,-2.8023598820058995,False,,,,False,,,,False,,,,False
2026-06-22,8081.TW,8081,341.0,75.62,無特殊徵兆,➖ 中性/偏空,✅ 趨勢追蹤中，尚未觸發佈局點,-6.744868035190615,-6.744868035190615,-6.744868035190615,True,,,,False,,,,False,,,,False
2026-06-22,2449.TW,2449,339.0,62.73,無特殊徵兆,➖ 中性/偏空,✅ 趨勢追蹤中，尚未觸發佈局點,-2.8023598820058995,-2.8023598820058995,-2.8023598820058995,False,,,,False,,,,False,,,,False
2026-06-22,0050.TW,元大台灣50,111.15,70.15,庫存動態防禦,➖ 中性/偏空,🛡️【洗盤耐受區】嚴禁攤平加碼，死守底線 (104.03)！,-0.9446707385325344,-0.9446707385325344,-0.9446707385325344,False,,,,False,,,,False,,,,False
2026-06-22,009816.TW,台灣凱基50,16.17,69.08,庫存動態防禦,➖ 中性/偏空,🔥【獲利巡航】獲利奔跑中，防禦線上移至 15.21！,-1.2368567283314353,-1.2368567283314353,-1.2368567283314353,False,,,,False,,,,False,,,,False
2026-06-22,00878.TW,國泰高股息,34.12,74.19,無特殊徵兆,➖ 中性/偏空,✅ 趨勢追蹤中，尚未觸發佈局點,-0.41031787152306365,-0.41031787152306365,-0.41031787152306365,False,,,,False,,,,False,,,,False
2026-06-22,00881.TW,台灣科技龍頭,57.35,67.3,無特殊徵兆,➖ 中性/偏空,✅ 趨勢追蹤中，尚未觸發佈局點,-1.1333901256504766,-1.1333901256504766,-1.1333901256504766,False,,,,False,,,,False,,,,False
2026-06-22,3019.TW,亞光,163.0,61.8,無特殊徵兆,➖ 中性/偏空,✅ 趨勢追蹤中，尚未觸發佈局點,-6.503071229150691,-6.503071229150691,-6.503071229150691,True,,,,False,,,,False,,,,False
2026-06-22,1301.TW,台塑,52.4,63.71,無特殊徵兆,➖ 中性/偏空,✅ 趨勢追蹤中，尚未觸發佈局點,-5.438932753701244,-5.438932753701244,-5.438932753701244,True,,,,False,,,,False,,,,False
2026-06-22,1326.TW,台化,56.2,65.18,無特殊徵兆,➖ 中性/偏空,✅ 趨勢追蹤中，尚未觸發佈局點,-6.583629893238439,-6.583629893238439,-6.583629893238439,True,,,,False,,,,False,,,,False
2026-06-22,1476.TW,儒鴻,317.0,42.0,無特殊徵兆,➖ 中性/偏空,✅ 趨勢追蹤中，尚未觸發佈局點,-1.4195583596214512,-1.4195583596214512,-1.4195583596214512,False,,,,False,,,,False,,,,False
2026-06-22,1513.TW,中興電,181.0,65.19,無特殊徵兆,➖ 中性/偏空,✅ 趨勢追蹤中，尚未觸發佈局點,0.5524861878453038,0.5524861878453038,0.5524861878453038,False,,,,False,,,,False,,,,False
2026-06-22,1609.TW,大亞,38.65,56.04,無特殊徵兆,➖ 中性/偏空,✅ 趨勢追蹤中，尚未觸發佈局點,-3.880979234465957,-3.880979234465957,-3.880979234465957,False,,,,False,,,,False,,,,False
2026-06-22,1795.TW,美時,191.5,40.99,無特殊徵兆,➖ 中性/偏空,✅ 趨勢追蹤中，尚未觸發佈局點,-0.5221932114882507,-0.5221932114882507,-0.5221932114882507,False,,,,False,,,,False,,,,False
2026-06-22,1802.TW,台玻,76.6,63.43,無特殊徵兆,➖ 中性/偏空,✅ 趨勢追蹤中，尚未觸發佈局點,-8.746734300419176,-8.746734300419176,-8.746734300419176,True,,,,False,,,,False,,,,False
2026-06-22,2317.TW,鴻海,268.5,52.55,無特殊徵兆,➖ 中性/偏空,✅ 趨勢追蹤中，尚未觸發佈局點,-3.35195530726257,-3.35195530726257,-3.35195530726257,False,,,,False,,,,False,,,,False
2026-06-22,2324.TW,仁寶,37.5,54.27,無特殊徵兆,➖ 中性/偏空,✅ 趨勢追蹤中，尚未觸發佈局點,-2.5333353678385415,-2.5333353678385415,-2.5333353678385415,False,,,,False,,,,False,,,,False
2026-06-22,2330.TW,台積電,2510.0,69.51,無特殊徵兆,➖ 中性/偏空,✅ 趨勢追蹤中，尚未觸發佈局點,-0.796812749003984,-0.796812749003984,-0.796812749003984,False,,,,False,,,,False,,,,False
2026-06-22,2352.TW,佳士達,31.45,59.79,無特殊徵兆,➖ 中性/偏空,✅ 趨勢追蹤中，尚未觸發佈局點,-1.1128763705255096,-1.1128763705255096,-1.1128763705255096,False,,,,False,,,,False,,,,False
2026-06-22,2353.TW,宏碁,34.0,51.18,無特殊徵兆,➖ 中性/偏空,✅ 趨勢追蹤中，尚未觸發佈局點,-1.764701394473805,-1.764701394473805,-1.764701394473805,False,,,,False,,,,False,,,,False
2026-06-22,2377.TW,微星,137.0,58.0,無特殊徵兆,➖ 中性/偏空,✅ 趨勢追蹤中，尚未觸發佈局點,-2.5547445255474455,-2.5547445255474455,-2.5547445255474455,False,,,,False,,,,False,,,,False
2026-06-22,2382.TW,廣達,380.0,59.52,無特殊徵兆,➖ 中性/偏空,✅ 趨勢追蹤中，尚未觸發佈局點,-1.9736842105263157,-1.9736842105263157,-1.9736842105263157,False,,,,False,,,,False,,,,False
2026-06-22,8086.TWO,宏捷科技,166.0,57.71,無特殊徵兆,➖ 中性/偏空,✅ 趨勢追蹤中，尚未觸發佈局點,-3.91566265060241,-3.91566265060241,-3.91566265060241,False,,,,False,,,,False,,,,False
2026-06-22,2887.TW,台新金,32.1,75.53,無特殊徵兆,➖ 中性/偏空,✅ 趨勢追蹤中，尚未觸發佈局點,0.15576799339222686,0.15576799339222686,0.15576799339222686,False,,,,False,,,,False,,,,False
2026-06-22,2449.TW,2449,339.0,62.73,無特殊徵兆,➖ 中性/偏空,✅ 趨勢追蹤中，尚未觸發佈局點,-2.8023598820058995,-2.8023598820058995,-2.8023598820058995,False,,,,False,,,,False,,,,False
2026-06-22,2886.TW,兆豐金,44.65,69.14,無特殊徵兆,➖ 中性/偏空,✅ 趨勢追蹤中，尚未觸發佈局點,1.231804620245139,1.231804620245139,1.231804620245139,False,,,,False,,,,False,,,,False
2026-06-22,3324.TWO,雙鴻,1105.0,55.02,無特殊徵兆,➖ 中性/偏空,✅ 趨勢追蹤中，尚未觸發佈局點,-7.239819004524888,-7.239819004524888,-7.239819004524888,True,,,,False,,,,False,,,,False
2026-06-22,3714.TW,富采,69.2,52.3,無特殊徵兆,➖ 中性/偏空,✅ 趨勢追蹤中，尚未觸發佈局點,1.3005758296547556,1.3005758296547556,1.3005758296547556,False,,,,False,,,,False,,,,False
2026-06-22,4904.TW,遠傳,108.0,64.71,無特殊徵兆,➖ 中性/偏空,✅ 趨勢追蹤中，尚未觸發佈局點,-0.9259259259259258,-0.9259259259259258,-0.9259259259259258,False,,,,False,,,,False,,,,False
2026-06-22,6239.TW,力成,369.5,63.86,無特殊徵兆,➖ 中性/偏空,✅ 趨勢追蹤中，尚未觸發佈局點,-6.901217861975644,-6.901217861975644,-6.901217861975644,True,,,,False,,,,False,,,,False
2026-06-22,6269.TW,台郡,81.1,66.4,無特殊徵兆,➖ 中性/偏空,✅ 趨勢追蹤中，尚未觸發佈局點,3.329226944214326,3.329226944214326,3.329226944214326,False,,,,False,,,,False,,,,False
2026-06-22,6573.TW,虹揚,17.8,67.05,無特殊徵兆,➖ 中性/偏空,✅ 趨勢追蹤中，尚未觸發佈局點,9.831456387980596,9.831456387980596,9.831456387980596,False,,,,False,,,,False,,,,False
2026-06-22,8431.TWO,匯鑽科,57.6,54.28,無特殊徵兆,➖ 中性/偏空,✅ 趨勢追蹤中，尚未觸發佈局點,-4.513888888888892,-4.513888888888892,-4.513888888888892,False,,,,False,,,,False,,,,False
2026-06-22,9933.TW,中鼎,43.4,63.33,無特殊徵兆,➖ 中性/偏空,✅ 趨勢追蹤中，尚未觸發佈局點,-0.23041650446878273,-0.23041650446878273,-0.23041650446878273,False,,,,False,,,,False,,,,False
2026-06-22,9939.TW,宏全,133.5,67.89,無特殊徵兆,➖ 中性/偏空,✅ 趨勢追蹤中，尚未觸發佈局點,-1.4981273408239701,-1.4981273408239701,-1.4981273408239701,False,,,,False,,,,False,,,,False
2026-06-22,1409.TW,新纖,25.85,59.6,無特殊徵兆,➖ 中性/偏空,✅ 趨勢追蹤中，尚未觸發佈局點,10.444871323251625,10.444871323251625,10.444871323251625,False,,,,False,,,,False,,,,False
2026-06-22,8086.TWO,宏捷科技,170.5,60.48,無特殊徵兆,➖ 中性/偏空,✅ 趨勢追蹤中，尚未觸發佈局點,-6.451612903225806,-6.451612903225806,-6.451612903225806,True,,,,False,,,,False,,,,False
2026-06-22,2455.TW,全新光電,412.0,55.22,無特殊徵兆,➖ 中性/偏空,✅ 趨勢追蹤中，尚未觸發佈局點,-3.3980582524271843,-3.3980582524271843,-3.3980582524271843,False,,,,False,,,,False,,,,False
2026-06-22,2002.TW,2002,19.35,56.73,無特殊徵兆,➖ 中性/偏空,✅ 趨勢追蹤中，尚未觸發佈局點,-0.7751898556100687,-0.7751898556100687,-0.7751898556100687,False,,,,False,,,,False,,,,False
2026-06-22,3231.TW,緯創,164.0,55.31,無特殊徵兆,➖ 中性/偏空,✅ 趨勢追蹤中，尚未觸發佈局點,-3.353658536585366,-3.353658536585366,-3.353658536585366,False,,,,False,,,,False,,,,False
2026-06-22,1301.TW,1301,52.1,63.08,無特殊徵兆,➖ 中性/偏空,✅ 趨勢追蹤中，尚未觸發佈局點,-4.894435245565171,-4.894435245565171,-4.894435245565171,False,,,,False,,,,False,,,,False
2026-06-22,4904.TW,4904,108.0,64.71,無特殊徵兆,➖ 中性/偏空,✅ 趨勢追蹤中，尚未觸發佈局點,-0.9259259259259258,-0.9259259259259258,-0.9259259259259258,False,,,,False,,,,False,,,,False
2026-06-22,2890.TW,2890,39.8,81.09,無特殊徵兆,➖ 中性/偏空,✅ 趨勢追蹤中，尚未觸發佈局點,-1.9169332921679123e-06,-1.9169332921679123e-06,-1.9169332921679123e-06,False,,,,False,,,,False,,,,False
2026-06-22,1301.TW,1301,52.1,63.08,無特殊徵兆,➖ 中性/偏空,✅ 趨勢追蹤中，尚未觸發佈局點,-4.894435245565171,-4.894435245565171,-4.894435245565171,False,,,,False,,,,False,,,,False
2026-06-22,2207.TW,2207,478.5,57.75,無特殊徵兆,➖ 中性/偏空,✅ 趨勢追蹤中，尚未觸發佈局點,1.3584117032392893,1.3584117032392893,1.3584117032392893,False,,,,False,,,,False,,,,False
2026-06-22,2449.TW,2449,321.0,58.21,無特殊徵兆,➖ 中性/偏空,✅ 趨勢追蹤中，尚未觸發佈局點,2.64797507788162,2.64797507788162,2.64797507788162,False,,,,False,,,,False,,,,False
2026-06-22,2409.TW,2409,29.85,69.7,無特殊徵兆,➖ 中性/偏空,✅ 趨勢追蹤中，尚未觸發佈局點,-2.680069557586112,-2.680069557586112,-2.680069557586112,False,,,,False,,,,False,,,,False
2026-06-22,3583.TW,3583,923.0,62.14,無特殊徵兆,➖ 中性/偏空,✅ 趨勢追蹤中，尚未觸發佈局點,-4.442036836403034,-4.442036836403034,-4.442036836403034,False,,,,False,,,,False,,,,False
2026-06-22,8081.TW,8081,343.0,76.01,無特殊徵兆,➖ 中性/偏空,✅ 趨勢追蹤中，尚未觸發佈局點,-7.288629737609329,-7.288629737609329,-7.288629737609329,True,,,,False,,,,False,,,,False
2026-06-22,3227.TWO,3227O,229.0,57.82,無特殊徵兆,➖ 中性/偏空,✅ 趨勢追蹤中，尚未觸發佈局點,-0.43668122270742354,-0.43668122270742354,-0.43668122270742354,False,,,,False,,,,False,,,,False
2026-06-22,3131.TWO,3131O,3750.0,66.73,無特殊徵兆,➖ 中性/偏空,✅ 趨勢追蹤中，尚未觸發佈局點,-6.800000000000001,-6.800000000000001,-6.800000000000001,True,,,,False,,,,False,,,,False
2026-06-22,2449.TW,2449,321.0,58.21,無特殊徵兆,➖ 中性/偏空,✅ 趨勢追蹤中，尚未觸發佈局點,2.64797507788162,2.64797507788162,2.64797507788162,False,,,,False,,,,False,,,,False
2026-06-22,0050.TW,元大台灣50,110.75,69.67,庫存動態防禦,➖ 中性/偏空,🛡️【洗盤耐受區】嚴禁攤平加碼，死守底線 (104.00)！,-0.5869088269786964,-0.5869088269786964,-0.5869088269786964,False,,,,False,,,,False,,,,False
2026-06-22,009816.TW,台灣凱基50,16.13,68.75,庫存動態防禦,➖ 中性/偏空,🔥【獲利巡航】獲利奔跑中，防禦線上移至 15.20！,-0.9919388280916951,-0.9919388280916951,-0.9919388280916951,False,,,,False,,,,False,,,,False
2026-06-22,2449.TW,2449,321.0,58.21,無特殊徵兆,➖ 中性/偏空,✅ 趨勢追蹤中，尚未觸發佈局點,2.64797507788162,2.64797507788162,2.64797507788162,False,,,,False,,,,False,,,,False
2026-06-22,3163.TWO,波若威,895.0,43.1,無特殊徵兆,➖ 中性/偏空,✅ 趨勢追蹤中，尚未觸發佈局點,-3.016759776536313,-3.016759776536313,-3.016759776536313,False,,,,False,,,,False,,,,False
2026-06-22,3049.TW,精金,14.5,53.78,無特殊徵兆,➖ 中性/偏空,✅ 趨勢追蹤中，尚未觸發佈局點,-5.517242694723195,-5.517242694723195,-5.517242694723195,True,,,,False,,,,False,,,,False
2026-06-22,3037.TW,欣興,1000.0,57.54,無特殊徵兆,➖ 中性/偏空,✅ 趨勢追蹤中，尚未觸發佈局點,-2.6,-2.6,-2.6,False,,,,False,,,,False,,,,False
2026-06-22,2883.TW,凱基金,30.35,74.33,無特殊徵兆,➖ 中性/偏空,✅ 趨勢追蹤中，尚未觸發佈局點,-0.8237219720931626,-0.8237219720931626,-0.8237219720931626,False,,,,False,,,,False,,,,False
2026-06-22,0050.TW,元大台灣50,109.65,68.27,庫存動態防禦,➖ 中性/偏空,🛡️【洗盤耐受區】嚴禁攤平加碼，死守底線 (103.95)！,0.4103953252358304,0.4103953252358304,0.4103953252358304,False,,,,False,,,,False,,,,False
2026-06-22,009816.TW,台灣凱基50,15.68,64.53,庫存動態防禦,➖ 中性/偏空,🔥【獲利巡航】獲利奔跑中，防禦線上移至 14.87！,1.8494914989082198,1.8494914989082198,1.8494914989082198,False,,,,False,,,,False,,,,False
2026-06-22,3019.TW,亞光,164.5,62.86,無特殊徵兆,➖ 中性/偏空,✅ 趨勢追蹤中，尚未觸發佈局點,-7.355626810647796,-7.355626810647796,-7.355626810647796,True,,,,False,,,,False,,,,False
2026-06-22,8150.TW,南茂,111.5,64.42,無特殊徵兆,➖ 中性/偏空,✅ 趨勢追蹤中，尚未觸發佈局點,-4.484304932735426,-4.484304932735426,-4.484304932735426,False,,,,False,,,,False,,,,False
2026-06-22,1301.TW,台塑,52.1,63.08,無特殊徵兆,➖ 中性/偏空,✅ 趨勢追蹤中，尚未觸發佈局點,-4.894435245565171,-4.894435245565171,-4.894435245565171,False,,,,False,,,,False,,,,False
2026-06-22,1326.TW,台化,54.9,62.88,無特殊徵兆,➖ 中性/偏空,✅ 趨勢追蹤中，尚未觸發佈局點,-4.371584699453549,-4.371584699453549,-4.371584699453549,False,,,,False,,,,False,,,,False
2026-06-22,1476.TW,儒鴻,326.0,47.92,無特殊徵兆,➖ 中性/偏空,✅ 趨勢追蹤中，尚未觸發佈局點,-4.141104294478527,-4.141104294478527,-4.141104294478527,False,,,,False,,,,False,,,,False
2026-06-22,1536.TW,和大,49.25,45.51,無特殊徵兆,➖ 中性/偏空,✅ 趨勢追蹤中，尚未觸發佈局點,-0.5076142131979695,-0.5076142131979695,-0.5076142131979695,False,,,,False,,,,False,,,,False
2026-06-22,1605.TW,華新,40.6,60.52,無特殊徵兆,➖ 中性/偏空,✅ 趨勢追蹤中，尚未觸發佈局點,-6.896553603299149,-6.896553603299149,-6.896553603299149,True,,,,False,,,,False,,,,False
2026-06-22,1609.TW,大亞,38.35,54.99,無特殊徵兆,➖ 中性/偏空,✅ 趨勢追蹤中，尚未觸發佈局點,-3.129070336691252,-3.129070336691252,-3.129070336691252,False,,,,False,,,,False,,,,False
2026-06-22,1795.TW,美時,194.5,44.17,無特殊徵兆,➖ 中性/偏空,✅ 趨勢追蹤中，尚未觸發佈局點,-2.056555269922879,-2.056555269922879,-2.056555269922879,False,,,,False,,,,False,,,,False
2026-06-22,1802.TW,台玻,74.3,60.83,無特殊徵兆,➖ 中性/偏空,✅ 趨勢追蹤中，尚未觸發佈局點,-5.9219360351562464,-5.9219360351562464,-5.9219360351562464,True,,,,False,,,,False,,,,False
2026-06-22,2324.TW,仁寶,38.1,56.05,無特殊徵兆,➖ 中性/偏空,✅ 趨勢追蹤中，尚未觸發佈局點,-4.068243472282033,-4.068243472282033,-4.068243472282033,False,,,,False,,,,False,,,,False
2026-06-22,2330.TW,台積電,2460.0,66.4,無特殊徵兆,➖ 中性/偏空,✅ 趨勢追蹤中，尚未觸發佈局點,1.2195121951219512,1.2195121951219512,1.2195121951219512,False,,,,False,,,,False,,,,False
2026-06-22,2352.TW,佳士達,31.2,58.82,無特殊徵兆,➖ 中性/偏空,✅ 趨勢追蹤中，尚未觸發佈局點,-0.32051159785343825,-0.32051159785343825,-0.32051159785343825,False,,,,False,,,,False,,,,False
2026-06-22,2353.TW,宏碁,34.65,53.14,無特殊徵兆,➖ 中性/偏空,✅ 趨勢追蹤中，尚未觸發佈局點,-3.6074992038126767,-3.6074992038126767,-3.6074992038126767,False,,,,False,,,,False,,,,False
2026-06-22,2356.TW,英業達,68.7,56.66,無特殊徵兆,➖ 中性/偏空,✅ 趨勢追蹤中，尚未觸發佈局點,-3.7845728178732303,-3.7845728178732303,-3.7845728178732303,False,,,,False,,,,False,,,,False
2026-06-22,2371.TW,大同,28.3,42.73,無特殊徵兆,➖ 中性/偏空,✅ 趨勢追蹤中，尚未觸發佈局點,-2.1201386468570584,-2.1201386468570584,-2.1201386468570584,False,,,,False,,,,False,,,,False
2026-06-22,2377.TW,微星,140.5,61.29,無特殊徵兆,➖ 中性/偏空,✅ 趨勢追蹤中，尚未觸發佈局點,-4.98220640569395,-4.98220640569395,-4.98220640569395,False,,,,False,,,,False,,,,False
2026-06-22,2382.TW,廣達,379.5,59.35,無特殊徵兆,➖ 中性/偏空,✅ 趨勢追蹤中，尚未觸發佈局點,-1.844532279314888,-1.844532279314888,-1.844532279314888,False,,,,False,,,,False,,,,False
2026-06-22,2409.TW,友達,29.85,69.7,無特殊徵兆,➖ 中性/偏空,✅ 趨勢追蹤中，尚未觸發佈局點,-2.680069557586112,-2.680069557586112,-2.680069557586112,False,,,,False,,,,False,,,,False
2026-06-22,2449.TW,京元電子,321.0,58.21,無特殊徵兆,➖ 中性/偏空,✅ 趨勢追蹤中，尚未觸發佈局點,2.64797507788162,2.64797507788162,2.64797507788162,False,,,,False,,,,False,,,,False
2026-06-22,2454.TW,聯發科,4440.0,59.48,無特殊徵兆,➖ 中性/偏空,✅ 趨勢追蹤中，尚未觸發佈局點,2.1396396396396398,2.1396396396396398,2.1396396396396398,False,,,,False,,,,False,,,,False
2026-06-22,2606.TW,裕民,61.9,43.19,無特殊徵兆,➖ 中性/偏空,✅ 趨勢追蹤中，尚未觸發佈局點,-0.3231005445243061,-0.3231005445243061,-0.3231005445243061,False,,,,False,,,,False,,,,False
2026-06-22,2637.TW,慧洋,77.4,59.01,無特殊徵兆,➖ 中性/偏空,✅ 趨勢追蹤中，尚未觸發佈局點,-0.7751898556100687,-0.7751898556100687,-0.7751898556100687,False,,,,False,,,,False,,,,False
2026-06-22,2886.TW,兆豐金,45.15,74.78,無特殊徵兆,➖ 中性/偏空,✅ 趨勢追蹤中，尚未觸發佈局點,0.11074366099546966,0.11074366099546966,0.11074366099546966,False,,,,False,,,,False,,,,False
2026-06-22,2883.TW,凱基金,30.65,76.8,無特殊徵兆,➖ 中性/偏空,✅ 趨勢追蹤中，尚未觸發佈局點,-1.7944522627415076,-1.7944522627415076,-1.7944522627415076,False,,,,False,,,,False,,,,False
2026-06-22,2887.TW,台新金,32.4,78.26,無特殊徵兆,➖ 中性/偏空,✅ 趨勢追蹤中，尚未觸發佈局點,-0.7716002287688035,-0.7716002287688035,-0.7716002287688035,False,,,,False,,,,False,,,,False
2026-06-22,00881.TW,台灣科技龍頭,57.15,66.83,無特殊徵兆,➖ 中性/偏空,✅ 趨勢追蹤中，尚未觸發佈局點,-0.7874002398259763,-0.7874002398259763,-0.7874002398259763,False,,,,False,,,,False,,,,False
2026-06-22,3019.TW,亞光,165.0,63.2,無特殊徵兆,➖ 中性/偏空,✅ 趨勢追蹤中，尚未觸發佈局點,-7.636367335464016,-7.636367335464016,-7.636367335464016,True,,,,False,,,,False,,,,False
2026-06-22,2317.TW,鴻海,273.5,55.25,無特殊徵兆,➖ 中性/偏空,✅ 趨勢追蹤中，尚未觸發佈局點,-5.118829981718465,-5.118829981718465,-5.118829981718465,True,,,,False,,,,False,,,,False
2026-06-22,1326.TW,台化,56.9,66.31,無特殊徵兆,➖ 中性/偏空,✅ 趨勢追蹤中，尚未觸發佈局點,-7.732864674868188,-7.732864674868188,-7.732864674868188,True,,,,False,,,,False,,,,False
2026-06-22,2207.TW,2207,475.5,56.13,無特殊徵兆,➖ 中性/偏空,✅ 趨勢追蹤中，尚未觸發佈局點,1.9978969505783386,1.9978969505783386,1.9978969505783386,False,,,,False,,,,False,,,,False
2026-06-22,2449.TW,2449,326.5,59.71,無特殊徵兆,➖ 中性/偏空,✅ 趨勢追蹤中，尚未觸發佈局點,0.9188361408882083,0.9188361408882083,0.9188361408882083,False,,,,False,,,,False,,,,False
2026-06-22,3227.TWO,3227O,232.0,59.92,無特殊徵兆,➖ 中性/偏空,✅ 趨勢追蹤中，尚未觸發佈局點,-1.7241379310344827,-1.7241379310344827,-1.7241379310344827,False,,,,False,,,,False,,,,False
2026-06-22,2449.TW,2449,326.5,59.71,無特殊徵兆,➖ 中性/偏空,✅ 趨勢追蹤中，尚未觸發佈局點,0.9188361408882083,0.9188361408882083,0.9188361408882083,False,,,,False,,,,False,,,,False
2026-06-22,0050.TW,元大台灣50,110.9,69.85,庫存動態防禦,➖ 中性/偏空,🛡️【洗盤耐受區】嚴禁攤平加碼，死守底線 (104.01)！,-0.7213719800531216,-0.7213719800531216,-0.7213719800531216,False,,,,False,,,,False,,,,False
2026-06-22,009816.TW,台灣凱基50,16.15,68.92,庫存動態防禦,➖ 中性/偏空,🔥【獲利巡航】獲利奔跑中，防禦線上移至 15.21！,-1.1145494301621672,-1.1145494301621672,-1.1145494301621672,False,,,,False,,,,False,,,,False
2026-06-22,00878.TW,國泰高股息,34.17,74.37,無特殊徵兆,➖ 中性/偏空,✅ 趨勢追蹤中，尚未觸發佈局點,-0.5560446525129458,-0.5560446525129458,-0.5560446525129458,False,,,,False,,,,False,,,,False
2026-06-22,00881.TW,台灣科技龍頭,57.25,67.07,無特殊徵兆,➖ 中性/偏空,✅ 趨勢追蹤中，尚未觸發佈局點,-0.9606973573109989,-0.9606973573109989,-0.9606973573109989,False,,,,False,,,,False,,,,False
2026-06-22,3019.TW,亞光,163.0,61.8,無特殊徵兆,➖ 中性/偏空,✅ 趨勢追蹤中，尚未觸發佈局點,-6.503071229150691,-6.503071229150691,-6.503071229150691,True,,,,False,,,,False,,,,False
2026-06-22,8150.TW,南茂,114.0,65.67,無特殊徵兆,➖ 中性/偏空,✅ 趨勢追蹤中，尚未觸發佈局點,-6.578947368421052,-6.578947368421052,-6.578947368421052,True,,,,False,,,,False,,,,False
2026-06-22,1301.TW,台塑,52.8,64.52,無特殊徵兆,➖ 中性/偏空,✅ 趨勢追蹤中，尚未觸發佈局點,-6.155304475264111,-6.155304475264111,-6.155304475264111,True,,,,False,,,,False,,,,False
2026-06-22,1326.TW,台化,56.4,65.51,無特殊徵兆,➖ 中性/偏空,✅ 趨勢追蹤中，尚未觸發佈局點,-6.914893617021274,-6.914893617021274,-6.914893617021274,True,,,,False,,,,False,,,,False
2026-06-22,1476.TW,儒鴻,317.0,42.0,無特殊徵兆,➖ 中性/偏空,✅ 趨勢追蹤中，尚未觸發佈局點,-1.4195583596214512,-1.4195583596214512,-1.4195583596214512,False,,,,False,,,,False,,,,False
2026-06-22,1301.TW,1301,53.1,65.1,無特殊徵兆,➖ 中性/偏空,✅ 趨勢追蹤中，尚未觸發佈局點,-6.68550049517788,-6.68550049517788,-6.68550049517788,True,,,,False,,,,False,,,,False
2026-06-22,1605.TW,華新,41.65,62.68,無特殊徵兆,➖ 中性/偏空,✅ 趨勢追蹤中，尚未觸發佈局點,-9.243699310778997,-9.243699310778997,-9.243699310778997,True,,,,False,,,,False,,,,False
2026-06-22,1795.TW,美時,191.5,40.99,無特殊徵兆,➖ 中性/偏空,✅ 趨勢追蹤中，尚未觸發佈局點,-0.5221932114882507,-0.5221932114882507,-0.5221932114882507,False,,,,False,,,,False,,,,False
2026-06-22,1802.TW,台玻,76.4,63.22,無特殊徵兆,➖ 中性/偏空,✅ 趨勢追蹤中，尚未觸發佈局點,-8.507851405917668,-8.507851405917668,-8.507851405917668,True,,,,False,,,,False,,,,False
2026-06-22,2317.TW,鴻海,270.0,53.4,無特殊徵兆,➖ 中性/偏空,✅ 趨勢追蹤中，尚未觸發佈局點,-3.888888888888889,-3.888888888888889,-3.888888888888889,False,,,,False,,,,False,,,,False
2026-06-22,2324.TW,仁寶,37.95,55.65,無特殊徵兆,➖ 中性/偏空,✅ 趨勢追蹤中，尚未觸發佈局點,-3.689066569010424,-3.689066569010424,-3.689066569010424,False,,,,False,,,,False,,,,False
2026-06-22,2330.TW,台積電,2510.0,69.51,無特殊徵兆,➖ 中性/偏空,✅ 趨勢追蹤中，尚未觸發佈局點,-0.796812749003984,-0.796812749003984,-0.796812749003984,False,,,,False,,,,False,,,,False
2026-06-22,2353.TW,宏碁,34.45,52.57,無特殊徵兆,➖ 中性/偏空,✅ 趨勢追蹤中，尚未觸發佈局點,-3.0478910714690755,-3.0478910714690755,-3.0478910714690755,False,,,,False,,,,False,,,,False
2026-06-22,2377.TW,微星,139.0,60.14,無特殊徵兆,➖ 中性/偏空,✅ 趨勢追蹤中，尚未觸發佈局點,-3.9568345323741005,-3.9568345323741005,-3.9568345323741005,False,,,,False,,,,False,,,,False
2026-06-22,2382.TW,廣達,378.5,59.01,無特殊徵兆,➖ 中性/偏空,✅ 趨勢追蹤中，尚未觸發佈局點,-1.5852047556142668,-1.5852047556142668,-1.5852047556142668,False,,,,False,,,,False,,,,False
2026-06-22,2449.TW,京元電子,339.0,62.73,無特殊徵兆,➖ 中性/偏空,✅ 趨勢追蹤中，尚未觸發佈局點,-2.8023598820058995,-2.8023598820058995,-2.8023598820058995,False,,,,False,,,,False,,,,False
2026-06-22,2454.TW,聯發科,4465.0,59.94,無特殊徵兆,➖ 中性/偏空,✅ 趨勢追蹤中，尚未觸發佈局點,1.5677491601343785,1.5677491601343785,1.5677491601343785,False,,,,False,,,,False,,,,False
2026-06-22,2606.TW,裕民,61.8,42.83,無特殊徵兆,➖ 中性/偏空,✅ 趨勢追蹤中，尚未觸發佈局點,-0.1618110632047638,-0.1618110632047638,-0.1618110632047638,False,,,,False,,,,False,,,,False
2026-06-22,1301.TW,台塑,53.1,65.1,無特殊徵兆,➖ 中性/偏空,✅ 趨勢追蹤中，尚未觸發佈局點,-6.68550049517788,-6.68550049517788,-6.68550049517788,True,,,,False,,,,False,,,,False
2026-06-22,2637.TW,慧洋,77.0,57.52,無特殊徵兆,➖ 中性/偏空,✅ 趨勢追蹤中，尚未觸發佈局點,-0.2597362964184253,-0.2597362964184253,-0.2597362964184253,False,,,,False,,,,False,,,,False
2026-06-22,1609.TW,大亞,38.75,56.39,無特殊徵兆,➖ 中性/偏空,✅ 趨勢追蹤中，尚未觸發佈局點,-4.1290283203125,-4.1290283203125,-4.1290283203125,False,,,,False,,,,False,,,,False
2026-06-22,2890.TW,2890,39.85,81.17,無特殊徵兆,➖ 中性/偏空,✅ 趨勢追蹤中，尚未觸發佈局點,-0.12547242895722596,-0.12547242895722596,-0.12547242895722596,False,,,,False,,,,False,,,,False
2026-06-22,2352.TW,佳士達,31.25,59.02,無特殊徵兆,➖ 中性/偏空,✅ 趨勢追蹤中，尚未觸發佈局點,-0.479998779296875,-0.479998779296875,-0.479998779296875,False,,,,False,,,,False,,,,False
2026-06-22,2449.TW,2449,326.5,59.71,無特殊徵兆,➖ 中性/偏空,✅ 趨勢追蹤中，尚未觸發佈局點,0.9188361408882083,0.9188361408882083,0.9188361408882083,False,,,,False,,,,False,,,,False
2026-06-22,1605.TW,華新,41.6,62.58,無特殊徵兆,➖ 中性/偏空,✅ 趨勢追蹤中，尚未觸發佈局點,-9.134617218604458,-9.134617218604458,-9.134617218604458,True,,,,False,,,,False,,,,False
2026-06-22,4904.TW,4904,106.5,59.96,無特殊徵兆,➖ 中性/偏空,✅ 趨勢追蹤中，尚未觸發佈局點,0.4694835680751174,0.4694835680751174,0.4694835680751174,False,,,,False,,,,False,,,,False
2026-06-22,1476.TW,儒鴻,320.0,43.8,無特殊徵兆,➖ 中性/偏空,✅ 趨勢追蹤中，尚未觸發佈局點,-2.34375,-2.34375,-2.34375,False,,,,False,,,,False,,,,False
2026-06-22,1795.TW,美時,192.5,41.87,無特殊徵兆,➖ 中性/偏空,✅ 趨勢追蹤中，尚未觸發佈局點,-1.0389610389610389,-1.0389610389610389,-1.0389610389610389,False,,,,False,,,,False,,,,False
2026-06-22,1802.TW,台玻,77.8,64.66,無特殊徵兆,➖ 中性/偏空,✅ 趨勢追蹤中，尚未觸發佈局點,-10.154239683960272,-10.154239683960272,-10.154239683960272,True,,,,False,,,,False,,,,False
2026-06-22,2317.TW,鴻海,272.0,54.48,無特殊徵兆,➖ 中性/偏空,✅ 趨勢追蹤中，尚未觸發佈局點,-4.595588235294118,-4.595588235294118,-4.595588235294118,False,,,,False,,,,False,,,,False
2026-06-22,2353.TW,宏碁,34.35,52.27,無特殊徵兆,➖ 中性/偏空,✅ 趨勢追蹤中，尚未觸發佈局點,-2.765643301662577,-2.765643301662577,-2.765643301662577,False,,,,False,,,,False,,,,False
2026-06-22,2377.TW,微星,139.5,60.53,無特殊徵兆,➖ 中性/偏空,✅ 趨勢追蹤中，尚未觸發佈局點,-4.301075268817205,-4.301075268817205,-4.301075268817205,False,,,,False,,,,False,,,,False
2026-06-22,2382.TW,廣達,378.0,58.84,無特殊徵兆,➖ 中性/偏空,✅ 趨勢追蹤中，尚未觸發佈局點,-1.455026455026455,-1.455026455026455,-1.455026455026455,False,,,,False,,,,False,,,,False
2026-06-22,2449.TW,京元電子,326.5,59.71,無特殊徵兆,➖ 中性/偏空,✅ 趨勢追蹤中，尚未觸發佈局點,0.9188361408882083,0.9188361408882083,0.9188361408882083,False,,,,False,,,,False,,,,False
2026-06-22,2454.TW,聯發科,4480.0,60.21,無特殊徵兆,➖ 中性/偏空,✅ 趨勢追蹤中，尚未觸發佈局點,1.2276785714285714,1.2276785714285714,1.2276785714285714,False,,,,False,,,,False,,,,False
2026-06-22,2606.TW,裕民,61.6,42.09,無特殊徵兆,➖ 中性/偏空,✅ 趨勢追蹤中，尚未觸發佈局點,0.16233890087573327,0.16233890087573327,0.16233890087573327,False,,,,False,,,,False,,,,False
2026-06-22,2637.TW,慧洋,76.6,56.1,無特殊徵兆,➖ 中性/偏空,✅ 趨勢追蹤中，尚未觸發佈局點,0.26110058976216477,0.26110058976216477,0.26110058976216477,False,,,,False,,,,False,,,,False
2026-06-22,2886.TW,兆豐金,44.45,67.12,無特殊徵兆,➖ 中性/偏空,✅ 趨勢追蹤中，尚未觸發佈局點,1.687290805263105,1.687290805263105,1.687290805263105,False,,,,False,,,,False,,,,False
2026-06-22,2352.TW,佳士達,31.35,59.41,無特殊徵兆,➖ 中性/偏空,✅ 趨勢追蹤中，尚未觸發佈局點,-0.7974469490598879,-0.7974469490598879,-0.7974469490598879,False,,,,False,,,,False,,,,False
2026-06-22,2887.TW,台新金,32.1,75.53,無特殊徵兆,➖ 中性/偏空,✅ 趨勢追蹤中，尚未觸發佈局點,0.15576799339222686,0.15576799339222686,0.15576799339222686,False,,,,False,,,,False,,,,False
2026-06-22,1409.TW,新纖,28.15,65.32,無特殊徵兆,➖ 中性/偏空,✅ 趨勢追蹤中，尚未觸發佈局點,1.4209564371600294,1.4209564371600294,1.4209564371600294,False,,,,False,,,,False,,,,False
2026-06-22,2883.TW,凱基金,30.55,75.96,無特殊徵兆,➖ 中性/偏空,✅ 趨勢追蹤中，尚未觸發佈局點,-1.4729938413429595,-1.4729938413429595,-1.4729938413429595,False,,,,False,,,,False,,,,False
2026-06-22,8431.TWO,匯鑽科,58.0,55.05,無特殊徵兆,➖ 中性/偏空,✅ 趨勢追蹤中，尚未觸發佈局點,-5.172413793103448,-5.172413793103448,-5.172413793103448,True,,,,False,,,,False,,,,False
2026-06-22,2455.TW,全新光電,411.0,55.03,無特殊徵兆,➖ 中性/偏空,✅ 趨勢追蹤中，尚未觸發佈局點,-3.1630170316301705,-3.1630170316301705,-3.1630170316301705,False,,,,False,,,,False,,,,False
2026-06-22,6269.TW,台郡,86.7,70.74,無特殊徵兆,➖ 中性/偏空,✅ 趨勢追蹤中，尚未觸發佈局點,-3.3448638388029877,-3.3448638388029877,-3.3448638388029877,False,,,,False,,,,False,,,,False
2026-06-22,1301.TW,1301,53.1,65.1,無特殊徵兆,➖ 中性/偏空,✅ 趨勢追蹤中，尚未觸發佈局點,-6.68550049517788,-6.68550049517788,-6.68550049517788,True,,,,False,,,,False,,,,False
2026-06-22,4904.TW,遠傳,106.5,59.96,無特殊徵兆,➖ 中性/偏空,✅ 趨勢追蹤中，尚未觸發佈局點,0.4694835680751174,0.4694835680751174,0.4694835680751174,False,,,,False,,,,False,,,,False
2026-06-22,6573.TW,虹揚,17.8,67.05,無特殊徵兆,➖ 中性/偏空,✅ 趨勢追蹤中，尚未觸發佈局點,9.831456387980596,9.831456387980596,9.831456387980596,False,,,,False,,,,False,,,,False
2026-06-22,3324.TWO,雙鴻,1095.0,54.06,無特殊徵兆,➖ 中性/偏空,✅ 趨勢追蹤中，尚未觸發佈局點,-6.392694063926941,-6.392694063926941,-6.392694063926941,True,,,,False,,,,False,,,,False
2026-06-22,3231.TW,緯創,163.0,54.65,無特殊徵兆,➖ 中性/偏空,✅ 趨勢追蹤中，尚未觸發佈局點,-2.7607361963190185,-2.7607361963190185,-2.7607361963190185,False,,,,False,,,,False,,,,False
2026-06-22,3163.TWO,波若威,874.0,41.52,無特殊徵兆,➖ 中性/偏空,✅ 趨勢追蹤中，尚未觸發佈局點,-0.6864988558352403,-0.6864988558352403,-0.6864988558352403,False,,,,False,,,,False,,,,False
2026-06-22,3049.TW,精金,14.5,53.78,無特殊徵兆,➖ 中性/偏空,✅ 趨勢追蹤中，尚未觸發佈局點,-5.517242694723195,-5.517242694723195,-5.517242694723195,True,,,,False,,,,False,,,,False
2026-06-22,3037.TW,欣興,1040.0,60.7,無特殊徵兆,➖ 中性/偏空,✅ 趨勢追蹤中，尚未觸發佈局點,-6.346153846153846,-6.346153846153846,-6.346153846153846,True,,,,False,,,,False,,,,False
2026-06-22,3714.TW,富采,71.8,56.19,無特殊徵兆,➖ 中性/偏空,✅ 趨勢追蹤中，尚未觸發佈局點,-2.367690147463654,-2.367690147463654,-2.367690147463654,False,,,,False,,,,False,,,,False
2026-06-23,3019.TW,亞光,156.0,54.02,無特殊徵兆,➖ 中性/偏空,✅ 趨勢追蹤中，尚未觸發佈局點,,,,False,,,,False,,,,False,,,,False
2026-06-23,1301.TW,台塑,49.4,53.84,無特殊徵兆,➖ 中性/偏空,✅ 趨勢追蹤中，尚未觸發佈局點,,,,False,,,,False,,,,False,,,,False
2026-06-23,1476.TW,儒鴻,312.5,39.37,無特殊徵兆,➖ 中性/偏空,✅ 趨勢追蹤中，尚未觸發佈局點,,,,False,,,,False,,,,False,,,,False
2026-06-23,1605.TW,華新,37.8,51.86,無特殊徵兆,➖ 中性/偏空,✅ 趨勢追蹤中，尚未觸發佈局點,,,,False,,,,False,,,,False,,,,False
2026-06-23,1609.TW,大亞,37.3,53.09,無特殊徵兆,➖ 中性/偏空,✅ 趨勢追蹤中，尚未觸發佈局點,,,,False,,,,False,,,,False,,,,False
2026-06-23,1795.TW,美時,191.0,40.52,無特殊徵兆,➖ 中性/偏空,✅ 趨勢追蹤中，尚未觸發佈局點,,,,False,,,,False,,,,False,,,,False
2026-06-23,1802.TW,台玻,70.1,52.76,無特殊徵兆,➖ 中性/偏空,✅ 趨勢追蹤中，尚未觸發佈局點,,,,False,,,,False,,,,False,,,,False
2026-06-23,2324.TW,仁寶,36.85,52.07,無特殊徵兆,➖ 中性/偏空,✅ 趨勢追蹤中，尚未觸發佈局點,,,,False,,,,False,,,,False,,,,False
2026-06-23,00881.TW,台灣科技龍頭,56.6,63.66,無特殊徵兆,➖ 中性/偏空,✅ 趨勢追蹤中，尚未觸發佈局點,,,,False,,,,False,,,,False,,,,False
2026-06-23,2330.TW,台積電,2500.0,68.15,無特殊徵兆,➖ 中性/偏空,✅ 趨勢追蹤中，尚未觸發佈局點,,,,False,,,,False,,,,False,,,,False
2026-06-23,2382.TW,廣達,368.5,54.0,無特殊徵兆,➖ 中性/偏空,✅ 趨勢追蹤中，尚未觸發佈局點,,,,False,,,,False,,,,False,,,,False
2026-06-23,2356.TW,英業達,66.4,52.62,無特殊徵兆,➖ 中性/偏空,✅ 趨勢追蹤中，尚未觸發佈局點,,,,False,,,,False,,,,False,,,,False
2026-06-23,2371.TW,大同,27.75,39.4,無特殊徵兆,➖ 中性/偏空,✅ 趨勢追蹤中，尚未觸發佈局點,,,,False,,,,False,,,,False,,,,False
2026-06-23,2377.TW,微星,133.5,54.04,無特殊徵兆,➖ 中性/偏空,✅ 趨勢追蹤中，尚未觸發佈局點,,,,False,,,,False,,,,False,,,,False
2026-06-23,2606.TW,裕民,61.2,41.32,無特殊徵兆,➖ 中性/偏空,✅ 趨勢追蹤中，尚未觸發佈局點,,,,False,,,,False,,,,False,,,,False
2026-06-23,2637.TW,慧洋,76.8,56.72,無特殊徵兆,➖ 中性/偏空,✅ 趨勢追蹤中，尚未觸發佈局點,,,,False,,,,False,,,,False,,,,False
2026-06-23,2886.TW,兆豐金,45.2,72.26,無特殊徵兆,➖ 中性/偏空,✅ 趨勢追蹤中，尚未觸發佈局點,,,,False,,,,False,,,,False,,,,False
2026-06-23,2883.TW,凱基金,30.15,72.65,無特殊徵兆,➖ 中性/偏空,✅ 趨勢追蹤中，尚未觸發佈局點,,,,False,,,,False,,,,False,,,,False
2026-06-23,00878.TW,國泰高股息,34.02,73.09,無特殊徵兆,➖ 中性/偏空,✅ 趨勢追蹤中，尚未觸發佈局點,,,,False,,,,False,,,,False,,,,False
2026-06-23,2887.TW,台新金,32.25,75.7,無特殊徵兆,➖ 中性/偏空,✅ 趨勢追蹤中，尚未觸發佈局點,,,,False,,,,False,,,,False,,,,False
2026-06-23,3049.TW,精金,13.75,48.95,無特殊徵兆,➖ 中性/偏空,✅ 趨勢追蹤中，尚未觸發佈局點,,,,False,,,,False,,,,False,,,,False
2026-06-23,2353.TW,宏碁,33.35,49.14,無特殊徵兆,➖ 中性/偏空,✅ 趨勢追蹤中，尚未觸發佈局點,,,,False,,,,False,,,,False,,,,False
2026-06-23,009816.TW,台灣凱基50,16.0,65.92,庫存動態防禦,➖ 中性/偏空,🔥【獲利巡航】獲利奔跑中，防禦線上移至 15.18！,,,,False,,,,False,,,,False,,,,False
2026-06-23,6239.TW,力成,343.0,56.21,無特殊徵兆,➖ 中性/偏空,✅ 趨勢追蹤中，尚未觸發佈局點,,,,False,,,,False,,,,False,,,,False
2026-06-23,2382.TW,廣達,369.5,54.44,無特殊徵兆,➖ 中性/偏空,✅ 趨勢追蹤中，尚未觸發佈局點,,,,False,,,,False,,,,False,,,,False
2026-06-23,3163.TWO,波若威,873.0,41.56,無特殊徵兆,➖ 中性/偏空,✅ 趨勢追蹤中，尚未觸發佈局點,,,,False,,,,False,,,,False,,,,False
2026-06-23,2606.TW,裕民,61.7,42.68,無特殊徵兆,➖ 中性/偏空,✅ 趨勢追蹤中，尚未觸發佈局點,,,,False,,,,False,,,,False,,,,False
2026-06-23,2637.TW,慧洋,76.6,55.96,無特殊徵兆,➖ 中性/偏空,✅ 趨勢追蹤中，尚未觸發佈局點,,,,False,,,,False,,,,False,,,,False
2026-06-23,2886.TW,兆豐金,45.45,73.29,無特殊徵兆,➖ 中性/偏空,✅ 趨勢追蹤中，尚未觸發佈局點,,,,False,,,,False,,,,False,,,,False
2026-06-23,2883.TW,凱基金,30.35,74.33,無特殊徵兆,➖ 中性/偏空,✅ 趨勢追蹤中，尚未觸發佈局點,,,,False,,,,False,,,,False,,,,False
2026-06-23,2887.TW,台新金,32.4,76.14,無特殊徵兆,➖ 中性/偏空,✅ 趨勢追蹤中，尚未觸發佈局點,,,,False,,,,False,,,,False,,,,False
2026-06-23,3049.TW,精金,13.8,49.25,無特殊徵兆,➖ 中性/偏空,✅ 趨勢追蹤中，尚未觸發佈局點,,,,False,,,,False,,,,False,,,,False
2026-06-23,3163.TWO,波若威,873.0,41.56,無特殊徵兆,➖ 中性/偏空,✅ 趨勢追蹤中，尚未觸發佈局點,,,,False,,,,False,,,,False,,,,False
2026-06-23,3231.TW,緯創,159.5,51.82,無特殊徵兆,➖ 中性/偏空,✅ 趨勢追蹤中，尚未觸發佈局點,,,,False,,,,False,,,,False,,,,False
2026-06-23,0050.TW,元大台灣50,110.2,67.42,庫存動態防禦,➖ 中性/偏空,🛡️【洗盤耐受區】嚴禁攤平加碼，死守底線 (104.49)！,,,,False,,,,False,,,,False,,,,False
2026-06-23,4904.TW,遠傳,107.5,62.92,無特殊徵兆,➖ 中性/偏空,✅ 趨勢追蹤中，尚未觸發佈局點,,,,False,,,,False,,,,False,,,,False
2026-06-23,8431.TWO,匯鑽科,55.3,49.12,無特殊徵兆,➖ 中性/偏空,✅ 趨勢追蹤中，尚未觸發佈局點,,,,False,,,,False,,,,False,,,,False
2026-06-23,9933.TW,中鼎,43.0,60.19,無特殊徵兆,➖ 中性/偏空,✅ 趨勢追蹤中，尚未觸發佈局點,,,,False,,,,False,,,,False,,,,False
2026-06-23,9939.TW,宏全,132.0,62.28,無特殊徵兆,➖ 中性/偏空,✅ 趨勢追蹤中，尚未觸發佈局點,,,,False,,,,False,,,,False,,,,False
2026-06-23,1409.TW,新纖,28.6,66.33,無特殊徵兆,➖ 中性/偏空,✅ 趨勢追蹤中，尚未觸發佈局點,,,,False,,,,False,,,,False,,,,False
2026-06-23,8086.TWO,宏捷科技,163.5,55.42,無特殊徵兆,➖ 中性/偏空,✅ 趨勢追蹤中，尚未觸發佈局點,,,,False,,,,False,,,,False,,,,False
2026-06-23,2455.TW,全新光電,390.5,51.12,無特殊徵兆,➖ 中性/偏空,✅ 趨勢追蹤中，尚未觸發佈局點,,,,False,,,,False,,,,False,,,,False
2026-06-23,4904.TW,4904,107.5,62.92,無特殊徵兆,➖ 中性/偏空,✅ 趨勢追蹤中，尚未觸發佈局點,,,,False,,,,False,,,,False,,,,False
2026-06-23,6415.TW,6415,668.0,66.12,無特殊徵兆,➖ 中性/偏空,✅ 趨勢追蹤中，尚未觸發佈局點,,,,False,,,,False,,,,False,,,,False
2026-06-23,5469.TW,5469,87.1,53.89,無特殊徵兆,➖ 中性/偏空,✅ 趨勢追蹤中，尚未觸發佈局點,,,,False,,,,False,,,,False,,,,False
2026-06-23,1314.TW,1314,7.87,56.57,無特殊徵兆,➖ 中性/偏空,✅ 趨勢追蹤中，尚未觸發佈局點,,,,False,,,,False,,,,False,,,,False
2026-06-23,6415.TW,矽力-KY,668.0,66.12,無特殊徵兆,➖ 中性/偏空,✅ 趨勢追蹤中，尚未觸發佈局點,,,,False,,,,False,,,,False,,,,False
2026-06-23,3231.TW,緯創,158.5,51.04,無特殊徵兆,➖ 中性/偏空,✅ 趨勢追蹤中，尚未觸發佈局點,,,,False,,,,False,,,,False,,,,False
2026-06-23,2382.TW,廣達,372.5,55.8,無特殊徵兆,➖ 中性/偏空,✅ 趨勢追蹤中，尚未觸發佈局點,,,,False,,,,False,,,,False,,,,False
2026-06-23,6239.TW,力成,344.5,56.62,無特殊徵兆,➖ 中性/偏空,✅ 趨勢追蹤中，尚未觸發佈局點,,,,False,,,,False,,,,False,,,,False
2026-06-23,2371.TW,大同,27.7,39.11,無特殊徵兆,➖ 中性/偏空,✅ 趨勢追蹤中，尚未觸發佈局點,,,,False,,,,False,,,,False,,,,False
2026-06-23,2377.TW,微星,133.5,54.04,無特殊徵兆,➖ 中性/偏空,✅ 趨勢追蹤中，尚未觸發佈局點,,,,False,,,,False,,,,False,,,,False
2026-06-23,2606.TW,裕民,61.7,42.68,無特殊徵兆,➖ 中性/偏空,✅ 趨勢追蹤中，尚未觸發佈局點,,,,False,,,,False,,,,False,,,,False
2026-06-23,2637.TW,慧洋,76.8,56.72,無特殊徵兆,➖ 中性/偏空,✅ 趨勢追蹤中，尚未觸發佈局點,,,,False,,,,False,,,,False,,,,False
2026-06-23,2886.TW,兆豐金,45.2,72.26,無特殊徵兆,➖ 中性/偏空,✅ 趨勢追蹤中，尚未觸發佈局點,,,,False,,,,False,,,,False,,,,False
2026-06-23,2883.TW,凱基金,30.1,72.24,無特殊徵兆,➖ 中性/偏空,✅ 趨勢追蹤中，尚未觸發佈局點,,,,False,,,,False,,,,False,,,,False
2026-06-23,2887.TW,台新金,32.15,75.4,無特殊徵兆,➖ 中性/偏空,✅ 趨勢追蹤中，尚未觸發佈局點,,,,False,,,,False,,,,False,,,,False
2026-06-23,3049.TW,精金,13.7,48.65,無特殊徵兆,➖ 中性/偏空,✅ 趨勢追蹤中，尚未觸發佈局點,,,,False,,,,False,,,,False,,,,False
2026-06-23,3163.TWO,波若威,868.0,41.09,無特殊徵兆,➖ 中性/偏空,✅ 趨勢追蹤中，尚未觸發佈局點,,,,False,,,,False,,,,False,,,,False
2026-06-23,3231.TW,緯創,158.5,51.04,無特殊徵兆,➖ 中性/偏空,✅ 趨勢追蹤中，尚未觸發佈局點,,,,False,,,,False,,,,False,,,,False
2026-06-23,2356.TW,英業達,66.1,52.07,無特殊徵兆,➖ 中性/偏空,✅ 趨勢追蹤中，尚未觸發佈局點,,,,False,,,,False,,,,False,,,,False
2026-06-23,4904.TW,遠傳,107.0,61.22,無特殊徵兆,➖ 中性/偏空,✅ 趨勢追蹤中，尚未觸發佈局點,,,,False,,,,False,,,,False,,,,False
2026-06-23,8431.TWO,匯鑽科,55.0,48.52,無特殊徵兆,➖ 中性/偏空,✅ 趨勢追蹤中，尚未觸發佈局點,,,,False,,,,False,,,,False,,,,False
2026-06-23,9933.TW,中鼎,43.3,61.83,無特殊徵兆,➖ 中性/偏空,✅ 趨勢追蹤中，尚未觸發佈局點,,,,False,,,,False,,,,False,,,,False
2026-06-23,1409.TW,新纖,28.55,66.22,無特殊徵兆,➖ 中性/偏空,✅ 趨勢追蹤中，尚未觸發佈局點,,,,False,,,,False,,,,False,,,,False
2026-06-23,8086.TWO,宏捷科技,159.5,52.07,無特殊徵兆,➖ 中性/偏空,✅ 趨勢追蹤中，尚未觸發佈局點,,,,False,,,,False,,,,False,,,,False
2026-06-23,2455.TW,全新光電,398.0,52.49,無特殊徵兆,➖ 中性/偏空,✅ 趨勢追蹤中，尚未觸發佈局點,,,,False,,,,False,,,,False,,,,False
2026-06-23,8046.TW,8046,909.0,55.39,無特殊徵兆,➖ 中性/偏空,✅ 趨勢追蹤中，尚未觸發佈局點,,,,False,,,,False,,,,False,,,,False
2026-06-23,4904.TW,4904,107.0,61.22,無特殊徵兆,➖ 中性/偏空,✅ 趨勢追蹤中，尚未觸發佈局點,,,,False,,,,False,,,,False,,,,False
2026-06-23,8046.TW,8046,909.0,55.39,無特殊徵兆,➖ 中性/偏空,✅ 趨勢追蹤中，尚未觸發佈局點,,,,False,,,,False,,,,False,,,,False
2026-06-23,8046.TW,8046,909.0,55.39,無特殊徵兆,➖ 中性/偏空,✅ 趨勢追蹤中，尚未觸發佈局點,,,,False,,,,False,,,,False,,,,False
2026-06-23,2377.TW,微星,134.0,54.58,無特殊徵兆,➖ 中性/偏空,✅ 趨勢追蹤中，尚未觸發佈局點,,,,False,,,,False,,,,False,,,,False
2026-06-23,6239.TW,力成,344.0,56.48,無特殊徵兆,➖ 中性/偏空,✅ 趨勢追蹤中，尚未觸發佈局點,,,,False,,,,False,,,,False,,,,False
2026-06-23,4904.TW,遠傳,106.5,59.62,無特殊徵兆,➖ 中性/偏空,✅ 趨勢追蹤中，尚未觸發佈局點,,,,False,,,,False,,,,False,,,,False
2026-06-23,2353.TW,宏碁,33.4,49.29,無特殊徵兆,➖ 中性/偏空,✅ 趨勢追蹤中，尚未觸發佈局點,,,,False,,,,False,,,,False,,,,False
2026-06-23,2324.TW,仁寶,36.55,51.11,無特殊徵兆,➖ 中性/偏空,✅ 趨勢追蹤中，尚未觸發佈局點,,,,False,,,,False,,,,False,,,,False
2026-06-23,6415.TW,矽力-KY,648.0,62.83,無特殊徵兆,➖ 中性/偏空,✅ 趨勢追蹤中，尚未觸發佈局點,,,,False,,,,False,,,,False,,,,False
2026-06-23,8431.TWO,匯鑽科,55.8,50.17,無特殊徵兆,➖ 中性/偏空,✅ 趨勢追蹤中，尚未觸發佈局點,,,,False,,,,False,,,,False,,,,False
2026-06-23,9933.TW,中鼎,43.25,61.55,無特殊徵兆,➖ 中性/偏空,✅ 趨勢追蹤中，尚未觸發佈局點,,,,False,,,,False,,,,False,,,,False
2026-06-23,9939.TW,宏全,132.0,62.28,無特殊徵兆,➖ 中性/偏空,✅ 趨勢追蹤中，尚未觸發佈局點,,,,False,,,,False,,,,False,,,,False
2026-06-23,1409.TW,新纖,28.4,65.89,無特殊徵兆,➖ 中性/偏空,✅ 趨勢追蹤中，尚未觸發佈局點,,,,False,,,,False,,,,False,,,,False
2026-06-23,8086.TWO,宏捷科技,161.0,53.28,無特殊徵兆,➖ 中性/偏空,✅ 趨勢追蹤中，尚未觸發佈局點,,,,False,,,,False,,,,False,,,,False
2026-06-23,2455.TW,全新光電,398.0,52.49,無特殊徵兆,➖ 中性/偏空,✅ 趨勢追蹤中，尚未觸發佈局點,,,,False,,,,False,,,,False,,,,False
2026-06-23,1802.TW,1802,70.1,52.76,無特殊徵兆,➖ 中性/偏空,✅ 趨勢追蹤中，尚未觸發佈局點,,,,False,,,,False,,,,False,,,,False
2026-06-23,4904.TW,4904,106.5,59.62,無特殊徵兆,➖ 中性/偏空,✅ 趨勢追蹤中，尚未觸發佈局點,,,,False,,,,False,,,,False,,,,False
2026-06-23,6415.TW,6415,648.0,62.83,無特殊徵兆,➖ 中性/偏空,✅ 趨勢追蹤中，尚未觸發佈局點,,,,False,,,,False,,,,False,,,,False
2026-06-23,2330.TW,台積電,2490.0,66.85,無特殊徵兆,➖ 中性/偏空,✅ 趨勢追蹤中，尚未觸發佈局點,,,,False,,,,False,,,,False,,,,False
2026-06-23,5469.TW,5469,86.6,52.95,無特殊徵兆,➖ 中性/偏空,✅ 趨勢追蹤中，尚未觸發佈局點,,,,False,,,,False,,,,False,,,,False
2026-06-23,0050.TW,元大台灣50,110.1,67.15,庫存動態防禦,➖ 中性/偏空,🛡️【洗盤耐受區】嚴禁攤平加碼，死守底線 (104.49)！,,,,False,,,,False,,,,False,,,,False
2026-06-23,009816.TW,台灣凱基50,15.97,65.39,庫存動態防禦,➖ 中性/偏空,🔥【獲利巡航】獲利奔跑中，防禦線上移至 15.15！,,,,False,,,,False,,,,False,,,,False
2026-06-23,00878.TW,國泰高股息,33.98,72.67,無特殊徵兆,➖ 中性/偏空,✅ 趨勢追蹤中，尚未觸發佈局點,,,,False,,,,False,,,,False,,,,False
2026-06-23,00881.TW,台灣科技龍頭,56.7,64.12,無特殊徵兆,➖ 中性/偏空,✅ 趨勢追蹤中，尚未觸發佈局點,,,,False,,,,False,,,,False,,,,False
2026-06-23,3019.TW,亞光,157.0,55.01,無特殊徵兆,➖ 中性/偏空,✅ 趨勢追蹤中，尚未觸發佈局點,,,,False,,,,False,,,,False,,,,False
2026-06-23,1301.TW,台塑,49.55,54.26,無特殊徵兆,➖ 中性/偏空,✅ 趨勢追蹤中，尚未觸發佈局點,,,,False,,,,False,,,,False,,,,False
2026-06-23,1476.TW,儒鴻,312.5,39.37,無特殊徵兆,➖ 中性/偏空,✅ 趨勢追蹤中，尚未觸發佈局點,,,,False,,,,False,,,,False,,,,False
2026-06-23,1605.TW,華新,37.8,51.86,無特殊徵兆,➖ 中性/偏空,✅ 趨勢追蹤中，尚未觸發佈局點,,,,False,,,,False,,,,False,,,,False
2026-06-23,1795.TW,美時,190.5,40.07,無特殊徵兆,➖ 中性/偏空,✅ 趨勢追蹤中，尚未觸發佈局點,,,,False,,,,False,,,,False,,,,False
2026-06-23,1802.TW,台玻,69.9,52.49,無特殊徵兆,➖ 中性/偏空,✅ 趨勢追蹤中，尚未觸發佈局點,,,,False,,,,False,,,,False,,,,False
2026-06-23,1314.TW,1314,7.85,55.99,無特殊徵兆,➖ 中性/偏空,✅ 趨勢追蹤中，尚未觸發佈局點,,,,False,,,,False,,,,False,,,,False
2026-06-23,2371.TW,大同,27.8,39.68,無特殊徵兆,➖ 中性/偏空,✅ 趨勢追蹤中，尚未觸發佈局點,,,,False,,,,False,,,,False,,,,False
2026-06-23,1802.TW,1802,70.1,52.76,無特殊徵兆,➖ 中性/偏空,✅ 趨勢追蹤中，尚未觸發佈局點,,,,False,,,,False,,,,False,,,,False
2026-06-23,2353.TW,宏碁,33.4,49.29,無特殊徵兆,➖ 中性/偏空,✅ 趨勢追蹤中，尚未觸發佈局點,,,,False,,,,False,,,,False,,,,False
2026-06-23,2887.TW,台新金,32.2,75.55,無特殊徵兆,➖ 中性/偏空,✅ 趨勢追蹤中，尚未觸發佈局點,,,,False,,,,False,,,,False,,,,False
2026-06-23,3037.TW,欣興,1005.0,57.96,無特殊徵兆,➖ 中性/偏空,✅ 趨勢追蹤中，尚未觸發佈局點,,,,False,,,,False,,,,False,,,,False
2026-06-23,3049.TW,精金,14.25,52.16,無特殊徵兆,➖ 中性/偏空,✅ 趨勢追蹤中，尚未觸發佈局點,,,,False,,,,False,,,,False,,,,False
2026-06-23,3163.TWO,波若威,870.0,41.24,無特殊徵兆,➖ 中性/偏空,✅ 趨勢追蹤中，尚未觸發佈局點,,,,False,,,,False,,,,False,,,,False
2026-06-23,3231.TW,緯創,161.5,53.45,無特殊徵兆,➖ 中性/偏空,✅ 趨勢追蹤中，尚未觸發佈局點,,,,False,,,,False,,,,False,,,,False
2026-06-23,3324.TWO,雙鴻,1060.0,50.2,無特殊徵兆,➖ 中性/偏空,✅ 趨勢追蹤中，尚未觸發佈局點,,,,False,,,,False,,,,False,,,,False
2026-06-23,3714.TW,富采,72.5,56.91,無特殊徵兆,➖ 中性/偏空,✅ 趨勢追蹤中，尚未觸發佈局點,,,,False,,,,False,,,,False,,,,False
2026-06-23,4904.TW,遠傳,109.0,66.61,無特殊徵兆,➖ 中性/偏空,✅ 趨勢追蹤中，尚未觸發佈局點,,,,False,,,,False,,,,False,,,,False
2026-06-23,6239.TW,力成,366.0,63.22,無特殊徵兆,➖ 中性/偏空,✅ 趨勢追蹤中，尚未觸發佈局點,,,,False,,,,False,,,,False,,,,False
2026-06-23,6269.TW,台郡,88.7,72.09,無特殊徵兆,➖ 中性/偏空,✅ 趨勢追蹤中，尚未觸發佈局點,,,,False,,,,False,,,,False,,,,False
2026-06-23,6415.TW,矽力-KY,679.0,67.51,無特殊徵兆,➖ 中性/偏空,✅ 趨勢追蹤中，尚未觸發佈局點,,,,False,,,,False,,,,False,,,,False
2026-06-23,8431.TWO,匯鑽科,57.2,53.33,無特殊徵兆,➖ 中性/偏空,✅ 趨勢追蹤中，尚未觸發佈局點,,,,False,,,,False,,,,False,,,,False
2026-06-23,9933.TW,中鼎,43.5,62.97,無特殊徵兆,➖ 中性/偏空,✅ 趨勢追蹤中，尚未觸發佈局點,,,,False,,,,False,,,,False,,,,False
2026-06-23,9939.TW,宏全,132.0,62.28,無特殊徵兆,➖ 中性/偏空,✅ 趨勢追蹤中，尚未觸發佈局點,,,,False,,,,False,,,,False,,,,False
2026-06-23,1409.TW,新纖,28.65,66.43,無特殊徵兆,➖ 中性/偏空,✅ 趨勢追蹤中，尚未觸發佈局點,,,,False,,,,False,,,,False,,,,False
2026-06-23,8086.TWO,宏捷科技,165.0,56.79,無特殊徵兆,➖ 中性/偏空,✅ 趨勢追蹤中，尚未觸發佈局點,,,,False,,,,False,,,,False,,,,False
2026-06-23,2455.TW,全新光電,408.0,54.44,無特殊徵兆,➖ 中性/偏空,✅ 趨勢追蹤中，尚未觸發佈局點,,,,False,,,,False,,,,False,,,,False
2026-06-23,2301.TW,2301,239.5,61.05,無特殊徵兆,➖ 中性/偏空,✅ 趨勢追蹤中，尚未觸發佈局點,,,,False,,,,False,,,,False,,,,False
2026-06-23,2449.TW,2449,343.0,63.68,無特殊徵兆,➖ 中性/偏空,✅ 趨勢追蹤中，尚未觸發佈局點,,,,False,,,,False,,,,False,,,,False
2026-06-23,1802.TW,1802,75.2,60.79,無特殊徵兆,➖ 中性/偏空,✅ 趨勢追蹤中，尚未觸發佈局點,,,,False,,,,False,,,,False,,,,False
2026-06-23,4904.TW,4904,109.0,66.61,無特殊徵兆,➖ 中性/偏空,✅ 趨勢追蹤中，尚未觸發佈局點,,,,False,,,,False,,,,False,,,,False
2026-06-23,2883.TW,凱基金,30.6,75.05,無特殊徵兆,➖ 中性/偏空,✅ 趨勢追蹤中，尚未觸發佈局點,,,,False,,,,False,,,,False,,,,False
2026-06-23,2886.TW,兆豐金,44.75,70.2,無特殊徵兆,➖ 中性/偏空,✅ 趨勢追蹤中，尚未觸發佈局點,,,,False,,,,False,,,,False,,,,False
2026-06-23,2637.TW,慧洋,76.7,56.34,無特殊徵兆,➖ 中性/偏空,✅ 趨勢追蹤中，尚未觸發佈局點,,,,False,,,,False,,,,False,,,,False
2026-06-23,2606.TW,裕民,62.1,43.92,無特殊徵兆,➖ 中性/偏空,✅ 趨勢追蹤中，尚未觸發佈局點,,,,False,,,,False,,,,False,,,,False
2026-06-23,2356.TW,英業達,66.8,53.36,無特殊徵兆,➖ 中性/偏空,✅ 趨勢追蹤中，尚未觸發佈局點,,,,False,,,,False,,,,False,,,,False
2026-06-23,0050.TW,元大台灣50,111.75,70.89,庫存動態防禦,➖ 中性/偏空,🛡️【洗盤耐受區】嚴禁攤平加碼，死守底線 (104.57)！,,,,False,,,,False,,,,False,,,,False
2026-06-23,009816.TW,台灣凱基50,15.68,64.53,庫存動態防禦,➖ 中性/偏空,🔥【獲利巡航】獲利奔跑中，防禦線上移至 14.87！,,,,False,,,,False,,,,False,,,,False
2026-06-23,3019.TW,亞光,162.5,61.17,無特殊徵兆,➖ 中性/偏空,✅ 趨勢追蹤中，尚未觸發佈局點,,,,False,,,,False,,,,False,,,,False
2026-06-23,8150.TW,南茂,105.0,57.76,無特殊徵兆,➖ 中性/偏空,✅ 趨勢追蹤中，尚未觸發佈局點,,,,False,,,,False,,,,False,,,,False
2026-06-23,1301.TW,台塑,52.8,64.58,無特殊徵兆,➖ 中性/偏空,✅ 趨勢追蹤中，尚未觸發佈局點,,,,False,,,,False,,,,False,,,,False
2026-06-23,1476.TW,儒鴻,317.0,42.0,無特殊徵兆,➖ 中性/偏空,✅ 趨勢追蹤中，尚未觸發佈局點,,,,False,,,,False,,,,False,,,,False
2026-06-23,1513.TW,中興電,183.0,66.65,無特殊徵兆,➖ 中性/偏空,✅ 趨勢追蹤中，尚未觸發佈局點,,,,False,,,,False,,,,False,,,,False
2026-06-23,1536.TW,和大,50.7,50.84,無特殊徵兆,➖ 中性/偏空,✅ 趨勢追蹤中，尚未觸發佈局點,,,,False,,,,False,,,,False,,,,False
2026-06-23,1605.TW,華新,40.3,59.28,無特殊徵兆,➖ 中性/偏空,✅ 趨勢追蹤中，尚未觸發佈局點,,,,False,,,,False,,,,False,,,,False
2026-06-23,2301.TW,2301,239.5,61.05,無特殊徵兆,➖ 中性/偏空,✅ 趨勢追蹤中，尚未觸發佈局點,,,,False,,,,False,,,,False,,,,False
2026-06-23,1609.TW,大亞,38.75,58.86,無特殊徵兆,➖ 中性/偏空,✅ 趨勢追蹤中，尚未觸發佈局點,,,,False,,,,False,,,,False,,,,False
2026-06-23,1802.TW,台玻,75.2,60.79,無特殊徵兆,➖ 中性/偏空,✅ 趨勢追蹤中，尚未觸發佈局點,,,,False,,,,False,,,,False,,,,False
2026-06-23,2324.TW,仁寶,37.7,54.86,無特殊徵兆,➖ 中性/偏空,✅ 趨勢追蹤中，尚未觸發佈局點,,,,False,,,,False,,,,False,,,,False
2026-06-23,2330.TW,台積電,2520.0,70.1,無特殊徵兆,➖ 中性/偏空,✅ 趨勢追蹤中，尚未觸發佈局點,,,,False,,,,False,,,,False,,,,False
2026-06-23,2352.TW,佳士達,31.5,60.0,無特殊徵兆,➖ 中性/偏空,✅ 趨勢追蹤中，尚未觸發佈局點,,,,False,,,,False,,,,False,,,,False
2026-06-23,2353.TW,宏碁,34.05,51.34,無特殊徵兆,➖ 中性/偏空,✅ 趨勢追蹤中，尚未觸發佈局點,,,,False,,,,False,,,,False,,,,False
2026-06-23,2356.TW,英業達,68.3,56.14,無特殊徵兆,➖ 中性/偏空,✅ 趨勢追蹤中，尚未觸發佈局點,,,,False,,,,False,,,,False,,,,False
2026-06-23,2371.TW,大同,28.3,43.12,無特殊徵兆,➖ 中性/偏空,✅ 趨勢追蹤中，尚未觸發佈局點,,,,False,,,,False,,,,False,,,,False
2026-06-23,2382.TW,廣達,377.5,58.22,無特殊徵兆,➖ 中性/偏空,✅ 趨勢追蹤中，尚未觸發佈局點,,,,False,,,,False,,,,False,,,,False
2026-06-23,2409.TW,友達,30.9,71.38,無特殊徵兆,➖ 中性/偏空,✅ 趨勢追蹤中，尚未觸發佈局點,,,,False,,,,False,,,,False,,,,False
2026-06-23,2449.TW,京元電子,343.0,63.68,無特殊徵兆,➖ 中性/偏空,✅ 趨勢追蹤中，尚未觸發佈局點,,,,False,,,,False,,,,False,,,,False
2026-06-23,1795.TW,美時,192.5,42.31,無特殊徵兆,➖ 中性/偏空,✅ 趨勢追蹤中，尚未觸發佈局點,,,,False,,,,False,,,,False,,,,False
2026-06-23,3714.TW,3714,72.5,56.91,無特殊徵兆,➖ 中性/偏空,✅ 趨勢追蹤中，尚未觸發佈局點,,,,False,,,,False,,,,False,,,,False
2026-06-23,2377.TW,微星,137.0,58.0,無特殊徵兆,➖ 中性/偏空,✅ 趨勢追蹤中，尚未觸發佈局點,,,,False,,,,False,,,,False,,,,False
2026-06-23,6415.TW,6415,679.0,67.51,無特殊徵兆,➖ 中性/偏空,✅ 趨勢追蹤中，尚未觸發佈局點,,,,False,,,,False,,,,False,,,,False
2026-06-23,3231.TW,緯創,161.5,53.45,無特殊徵兆,➖ 中性/偏空,✅ 趨勢追蹤中，尚未觸發佈局點,,,,False,,,,False,,,,False,,,,False
2026-06-23,4904.TW,遠傳,107.5,62.92,無特殊徵兆,➖ 中性/偏空,✅ 趨勢追蹤中，尚未觸發佈局點,,,,False,,,,False,,,,False,,,,False
2026-06-23,8431.TWO,匯鑽科,55.6,49.74,無特殊徵兆,➖ 中性/偏空,✅ 趨勢追蹤中，尚未觸發佈局點,,,,False,,,,False,,,,False,,,,False
2026-06-23,9933.TW,中鼎,43.25,61.55,無特殊徵兆,➖ 中性/偏空,✅ 趨勢追蹤中，尚未觸發佈局點,,,,False,,,,False,,,,False,,,,False
2026-06-23,1409.TW,新纖,28.5,66.11,無特殊徵兆,➖ 中性/偏空,✅ 趨勢追蹤中，尚未觸發佈局點,,,,False,,,,False,,,,False,,,,False
2026-06-23,2455.TW,全新光電,390.0,51.03,無特殊徵兆,➖ 中性/偏空,✅ 趨勢追蹤中，尚未觸發佈局點,,,,False,,,,False,,,,False,,,,False
2026-06-23,4904.TW,4904,107.5,62.92,無特殊徵兆,➖ 中性/偏空,✅ 趨勢追蹤中，尚未觸發佈局點,,,,False,,,,False,,,,False,,,,False
2026-06-23,1514.TW,1514,126.0,53.64,無特殊徵兆,➖ 中性/偏空,✅ 趨勢追蹤中，尚未觸發佈局點,,,,False,,,,False,,,,False,,,,False
2026-06-23,1314.TW,1314,7.91,57.77,無特殊徵兆,➖ 中性/偏空,✅ 趨勢追蹤中，尚未觸發佈局點,,,,False,,,,False,,,,False,,,,False
2026-06-23,3163.TWO,波若威,881.0,42.39,無特殊徵兆,➖ 中性/偏空,✅ 趨勢追蹤中，尚未觸發佈局點,,,,False,,,,False,,,,False,,,,False
2026-06-23,0050.TW,元大台灣50,111.0,69.71,庫存動態防禦,➖ 中性/偏空,🛡️【洗盤耐受區】嚴禁攤平加碼，死守底線 (104.53)！,,,,False,,,,False,,,,False,,,,False
2026-06-23,00881.TW,台灣科技龍頭,57.1,66.71,無特殊徵兆,➖ 中性/偏空,✅ 趨勢追蹤中，尚未觸發佈局點,,,,False,,,,False,,,,False,,,,False
2026-06-23,3019.TW,亞光,157.5,55.52,無特殊徵兆,➖ 中性/偏空,✅ 趨勢追蹤中，尚未觸發佈局點,,,,False,,,,False,,,,False,,,,False
2026-06-23,1301.TW,台塑,50.2,56.16,無特殊徵兆,➖ 中性/偏空,✅ 趨勢追蹤中，尚未觸發佈局點,,,,False,,,,False,,,,False,,,,False
2026-06-23,1476.TW,儒鴻,313.0,39.65,無特殊徵兆,➖ 中性/偏空,✅ 趨勢追蹤中，尚未觸發佈局點,,,,False,,,,False,,,,False,,,,False
2026-06-23,1605.TW,華新,38.4,53.47,無特殊徵兆,➖ 中性/偏空,✅ 趨勢追蹤中，尚未觸發佈局點,,,,False,,,,False,,,,False,,,,False
2026-06-23,1609.TW,大亞,37.55,54.19,無特殊徵兆,➖ 中性/偏空,✅ 趨勢追蹤中，尚未觸發佈局點,,,,False,,,,False,,,,False,,,,False
2026-06-23,1795.TW,美時,190.0,39.63,無特殊徵兆,➖ 中性/偏空,✅ 趨勢追蹤中，尚未觸發佈局點,,,,False,,,,False,,,,False,,,,False
2026-06-23,2324.TW,仁寶,36.8,51.91,無特殊徵兆,➖ 中性/偏空,✅ 趨勢追蹤中，尚未觸發佈局點,,,,False,,,,False,,,,False,,,,False
2026-06-23,2449.TW,2449,343.0,63.68,無特殊徵兆,➖ 中性/偏空,✅ 趨勢追蹤中，尚未觸發佈局點,,,,False,,,,False,,,,False,,,,False
2026-06-23,2330.TW,台積電,2515.0,69.81,無特殊徵兆,➖ 中性/偏空,✅ 趨勢追蹤中，尚未觸發佈局點,,,,False,,,,False,,,,False,,,,False
2026-06-23,00878.TW,國泰高股息,34.2,74.47,無特殊徵兆,➖ 中性/偏空,✅ 趨勢追蹤中，尚未觸發佈局點,,,,False,,,,False,,,,False,,,,False
2026-06-23,2887.TW,台新金,32.3,75.85,無特殊徵兆,➖ 中性/偏空,✅ 趨勢追蹤中，尚未觸發佈局點,,,,False,,,,False,,,,False,,,,False
2026-06-23,009816.TW,台灣凱基50,16.13,68.75,庫存動態防禦,➖ 中性/偏空,🔥【獲利巡航】獲利奔跑中，防禦線上移至 15.20！,,,,False,,,,False,,,,False,,,,False
2026-06-23,2886.TW,兆豐金,44.8,70.44,無特殊徵兆,➖ 中性/偏空,✅ 趨勢追蹤中，尚未觸發佈局點,,,,False,,,,False,,,,False,,,,False
2026-06-23,1536.TW,1536,50.7,50.84,無特殊徵兆,➖ 中性/偏空,✅ 趨勢追蹤中，尚未觸發佈局點,,,,False,,,,False,,,,False,,,,False
2026-06-23,2883.TW,凱基金,30.35,74.33,無特殊徵兆,➖ 中性/偏空,✅ 趨勢追蹤中，尚未觸發佈局點,,,,False,,,,False,,,,False,,,,False
2026-06-23,1802.TW,1802,75.2,60.79,無特殊徵兆,➖ 中性/偏空,✅ 趨勢追蹤中，尚未觸發佈局點,,,,False,,,,False,,,,False,,,,False
2026-06-23,1314.TW,1314,8.04,62.03,無特殊徵兆,➖ 中性/偏空,✅ 趨勢追蹤中，尚未觸發佈局點,,,,False,,,,False,,,,False,,,,False
2026-06-23,0050.TW,元大台灣50,111.15,70.15,庫存動態防禦,➖ 中性/偏空,🛡️【洗盤耐受區】嚴禁攤平加碼，死守底線 (104.54)！,,,,False,,,,False,,,,False,,,,False
2026-06-23,00878.TW,國泰高股息,34.24,74.61,無特殊徵兆,➖ 中性/偏空,✅ 趨勢追蹤中，尚未觸發佈局點,,,,False,,,,False,,,,False,,,,False
2026-06-23,00881.TW,台灣科技龍頭,57.3,67.19,無特殊徵兆,➖ 中性/偏空,✅ 趨勢追蹤中，尚未觸發佈局點,,,,False,,,,False,,,,False,,,,False
2026-06-23,3019.TW,亞光,156.5,54.51,無特殊徵兆,➖ 中性/偏空,✅ 趨勢追蹤中，尚未觸發佈局點,,,,False,,,,False,,,,False,,,,False
2026-06-23,1301.TW,台塑,50.5,57.08,無特殊徵兆,➖ 中性/偏空,✅ 趨勢追蹤中，尚未觸發佈局點,,,,False,,,,False,,,,False,,,,False
2026-06-23,1476.TW,儒鴻,309.0,37.55,無特殊徵兆,➖ 中性/偏空,✅ 趨勢追蹤中，尚未觸發佈局點,,,,False,,,,False,,,,False,,,,False
2026-06-23,009816.TW,台灣凱基50,16.16,69.0,庫存動態防禦,➖ 中性/偏空,🔥【獲利巡航】獲利奔跑中，防禦線上移至 15.21！,,,,False,,,,False,,,,False,,,,False
2026-06-23,5469.TW,5469,90.8,61.87,無特殊徵兆,➖ 中性/偏空,✅ 趨勢追蹤中，尚未觸發佈局點,,,,False,,,,False,,,,False,,,,False
2026-06-23,1605.TW,華新,39.05,55.32,無特殊徵兆,➖ 中性/偏空,✅ 趨勢追蹤中，尚未觸發佈局點,,,,False,,,,False,,,,False,,,,False
2026-06-23,1795.TW,美時,192.5,42.31,無特殊徵兆,➖ 中性/偏空,✅ 趨勢追蹤中，尚未觸發佈局點,,,,False,,,,False,,,,False,,,,False
2026-06-23,2324.TW,仁寶,36.75,51.75,無特殊徵兆,➖ 中性/偏空,✅ 趨勢追蹤中，尚未觸發佈局點,,,,False,,,,False,,,,False,,,,False
2026-06-23,2330.TW,台積電,2520.0,70.1,無特殊徵兆,➖ 中性/偏空,✅ 趨勢追蹤中，尚未觸發佈局點,,,,False,,,,False,,,,False,,,,False
2026-06-23,2353.TW,宏碁,33.55,49.75,無特殊徵兆,➖ 中性/偏空,✅ 趨勢追蹤中，尚未觸發佈局點,,,,False,,,,False,,,,False,,,,False
2026-06-23,2356.TW,英業達,66.5,52.8,無特殊徵兆,➖ 中性/偏空,✅ 趨勢追蹤中，尚未觸發佈局點,,,,False,,,,False,,,,False,,,,False
2026-06-23,2382.TW,廣達,373.5,56.27,無特殊徵兆,➖ 中性/偏空,✅ 趨勢追蹤中，尚未觸發佈局點,,,,False,,,,False,,,,False,,,,False
2026-06-23,1513.TW,中興電,179.5,63.11,無特殊徵兆,➖ 中性/偏空,✅ 趨勢追蹤中，尚未觸發佈局點,,,,False,,,,False,,,,False,,,,False
2026-06-23,2606.TW,裕民,61.8,42.96,無特殊徵兆,➖ 中性/偏空,✅ 趨勢追蹤中，尚未觸發佈局點,,,,False,,,,False,,,,False,,,,False
2026-06-23,2637.TW,慧洋,77.1,57.88,無特殊徵兆,➖ 中性/偏空,✅ 趨勢追蹤中，尚未觸發佈局點,,,,False,,,,False,,,,False,,,,False
2026-06-24,8046.TW,8046,914.0,55.9,無特殊徵兆,➖ 中性/偏空,✅ 趨勢追蹤中，尚未觸發佈局點,,,,False,,,,False,,,,False,,,,False
2026-06-24,8046.TW,8046,914.0,55.9,無特殊徵兆,➖ 中性/偏空,✅ 趨勢追蹤中，尚未觸發佈局點,,,,False,,,,False,,,,False,,,,False
2026-06-24,8046.TW,8046,914.0,55.9,無特殊徵兆,➖ 中性/偏空,✅ 趨勢追蹤中，尚未觸發佈局點,,,,False,,,,False,,,,False,,,,False
2026-06-24,8046.TW,8046,946.0,58.87,無特殊徵兆,➖ 中性/偏空,✅ 趨勢追蹤中，尚未觸發佈局點,,,,False,,,,False,,,,False,,,,False
2026-06-24,8046.TW,8046,946.0,58.87,無特殊徵兆,➖ 中性/偏空,✅ 趨勢追蹤中，尚未觸發佈局點,,,,False,,,,False,,,,False,,,,False
2026-06-24,8046.TW,8046,946.0,58.87,無特殊徵兆,➖ 中性/偏空,✅ 趨勢追蹤中，尚未觸發佈局點,,,,False,,,,False,,,,False,,,,False
2026-06-24,8046.TW,8046,891.0,53.2,無特殊徵兆,➖ 中性/偏空,✅ 趨勢追蹤中，尚未觸發佈局點,,,,False,,,,False,,,,False,,,,False
2026-06-24,8046.TW,8046,891.0,53.2,無特殊徵兆,➖ 中性/偏空,✅ 趨勢追蹤中，尚未觸發佈局點,,,,False,,,,False,,,,False,,,,False
2026-06-24,8046.TW,8046,891.0,53.2,無特殊徵兆,➖ 中性/偏空,✅ 趨勢追蹤中，尚未觸發佈局點,,,,False,,,,False,,,,False,,,,False
2026-06-24,8046.TW,8046,917.0,56.19,無特殊徵兆,➖ 中性/偏空,✅ 趨勢追蹤中，尚未觸發佈局點,,,,False,,,,False,,,,False,,,,False
2026-06-24,8046.TW,8046,917.0,56.19,無特殊徵兆,➖ 中性/偏空,✅ 趨勢追蹤中，尚未觸發佈局點,,,,False,,,,False,,,,False,,,,False
2026-06-24,8046.TW,8046,917.0,56.19,無特殊徵兆,➖ 中性/偏空,✅ 趨勢追蹤中，尚未觸發佈局點,,,,False,,,,False,,,,False,,,,False
