日期,代號,名稱,收盤價,RSI,量能狀態,趨勢狀態,戰場預判,籌碼訊號,行動指令
2026-04-10,3037.TW,欣興 (ABF載板),638.00,68.35,📉 量縮,🔥 多頭,無資料,✅【持股續抱】順勢操作，等待訊號。,無特殊徵兆
2026-04-10,5388.TW,中磊,84.10,63.43,➖ 量平,🔥 多頭,無資料,✅【持股續抱】順勢操作，等待訊號。,無特殊徵兆
2026-04-10,3714.TW,富采,52.00,58.09,📈 出量,🔄 盤整,無資料,✅【持股續抱】順勢操作，等待訊號。,無特殊徵兆
2026-04-10,2330.TW,台積電,2000.00,63.99,➖ 量平,🔥 多頭,無資料,✅【持股續抱】順勢操作，等待訊號。,無特殊徵兆
2026-04-10,0050.TW,元大台灣50,80.75,62.93,➖ 量平,🔥 多頭,無資料,✅【持股續抱】順勢操作，等待訊號。,無特殊徵兆
2026-04-10,AAPL,蘋果,262.04,57.44,📉 量縮,🔥 多頭,無資料,✅【持股續抱】順勢操作，等待訊號。,⚠️【大變盤預警】布林通道極度壓縮！
2026-04-10,NVDA,輝達,188.66,61.38,📉 量縮,🔥 多頭,無資料,✅【持股續抱】順勢操作，等待訊號。,無特殊徵兆
2026-04-10,MU,美光,420.70,57.40,📉 量縮,🔥 多頭,無資料,✅【持股續抱】順勢操作，等待訊號。,無特殊徵兆
2026-04-10,2408.TW,南亞科,215.00,45.43,➖ 量平,🔄 盤整,無資料,✅【持股續抱】順勢操作，等待訊號。,無特殊徵兆
2026-04-10,2027.TW,大成鋼,37.75,53.49,➖ 量平,🔄 盤整,無資料,✅【持股續抱】順勢操作，等待訊號。,⚠️【大變盤預警】布林通道極度壓縮！
2026-04-10,2382.TW,廣達,321.50,70.41,📈 出量,🔥 多頭,無資料,✅【持股續抱】順勢操作，等待訊號。,🚀【無壓巡航】帶量突破 20 日前高，強勢表態！
2026-04-10,2886.TW,兆豐金,39.85,58.57,➖ 量平,🔥 多頭,無資料,✅【持股續抱】順勢操作，等待訊號。,⚠️【大變盤預警】布林通道極度壓縮！
2026-04-10,2409.TW,友達,18.15,63.54,📈 出量,🔥 多頭,無資料,✅【持股續抱】順勢操作，等待訊號。,無特殊徵兆
2026-04-10,2352.TW,佳世達,24.05,50.72,➖ 量平,🔄 盤整,無資料,✅【持股續抱】順勢操作，等待訊號。,無特殊徵兆
2026-04-10,8431.TWO,匯鑽科,67.00,54.24,📈 出量,🔄 盤整,無資料,✅【持股續抱】順勢操作，等待訊號。,無特殊徵兆
2026-04-10,3231.TW,緯創,135.00,57.96,📈 出量,🔥 多頭,無資料,✅【持股續抱】順勢操作，等待訊號。,無特殊徵兆
2026-04-11,3037.TW,欣興 (ABF載板),638.00,68.35,📉 量縮,🔥 多頭,無資料,✅【持股續抱】順勢操作，等待訊號。,無特殊徵兆
2026-04-11,5388.TW,中磊,84.10,63.43,➖ 量平,🔥 多頭,無資料,✅【持股續抱】順勢操作，等待訊號。,無特殊徵兆
2026-04-11,3714.TW,富采,52.00,58.09,📈 出量,🔄 盤整,無資料,✅【持股續抱】順勢操作，等待訊號。,無特殊徵兆
2026-04-11,2330.TW,台積電,2000.00,63.99,➖ 量平,🔥 多頭,無資料,✅【持股續抱】順勢操作，等待訊號。,無特殊徵兆
2026-04-11,2317.TW,鴻海,200.50,45.72,➖ 量平,🔄 盤整,無資料,✅【持股續抱】順勢操作，等待訊號。,無特殊徵兆
2026-04-11,0050.TW,元大台灣50,nan,59.66,➖ 量平,🔄 盤整,無資料,✅【持股續抱】順勢操作，等待訊號。,無特殊徵兆
2026-04-11,MU,美光,420.59,57.37,➖ 量平,🔥 多頭,無資料,✅【持股續抱】順勢操作，等待訊號。,無特殊徵兆
2026-04-11,2408.TW,南亞科,215.00,45.43,➖ 量平,🔄 盤整,無資料,✅【持股續抱】順勢操作，等待訊號。,無特殊徵兆
2026-04-11,AAPL,蘋果,260.48,55.65,📉 量縮,🔥 多頭,無資料,✅【持股續抱】順勢操作，等待訊號。,⚠️【大變盤預警】布林通道極度壓縮！
2026-04-11,NVDA,輝達,188.63,61.35,📈 出量,🔥 多頭,無資料,✅【持股續抱】順勢操作，等待訊號。,無特殊徵兆
2026-04-11,3037.TW,欣興 (ABF載板),638.00,68.35,📉 量縮,🔥 多頭,無資料,✅【持股續抱】順勢操作，等待訊號。,無特殊徵兆
2026-04-11,5388.TW,中磊,84.10,63.43,➖ 量平,🔥 多頭,無資料,✅【持股續抱】順勢操作，等待訊號。,無特殊徵兆
2026-04-11,3714.TW,富采,52.00,58.09,📈 出量,🔄 盤整,無資料,✅【持股續抱】順勢操作，等待訊號。,無特殊徵兆
2026-04-11,2330.TW,台積電,2000.00,63.99,➖ 量平,🔥 多頭,無資料,✅【持股續抱】順勢操作，等待訊號。,無特殊徵兆
2026-04-11,2317.TW,鴻海,200.50,45.72,➖ 量平,🔄 盤整,無資料,✅【持股續抱】順勢操作，等待訊號。,無特殊徵兆
2026-04-11,0050.TW,元大台灣50,nan,59.66,➖ 量平,🔄 盤整,無資料,✅【持股續抱】順勢操作，等待訊號。,無特殊徵兆
2026-04-11,MU,美光,420.59,57.37,➖ 量平,🔥 多頭,無資料,✅【持股續抱】順勢操作，等待訊號。,無特殊徵兆
2026-04-11,2408.TW,南亞科,215.00,45.43,➖ 量平,🔄 盤整,無資料,✅【持股續抱】順勢操作，等待訊號。,無特殊徵兆
2026-04-11,AAPL,蘋果,260.48,55.65,📉 量縮,🔥 多頭,無資料,✅【持股續抱】順勢操作，等待訊號。,⚠️【大變盤預警】布林通道極度壓縮！
2026-04-11,NVDA,輝達,188.63,61.35,📈 出量,🔥 多頭,無資料,✅【持股續抱】順勢操作，等待訊號。,無特殊徵兆
2026-04-11,3037.TW,欣興 (ABF載板),638.00,68.35,📉 量縮,🔥 多頭,無資料,✅【持股續抱】順勢操作，等待訊號。,無特殊徵兆
2026-04-11,5388.TW,中磊,84.10,63.43,➖ 量平,🔥 多頭,無資料,✅【持股續抱】順勢操作，等待訊號。,無特殊徵兆
2026-04-11,3714.TW,富采,52.00,58.09,📈 出量,🔄 盤整,無資料,✅【持股續抱】順勢操作，等待訊號。,無特殊徵兆
2026-04-11,2330.TW,台積電,2000.00,63.99,➖ 量平,🔥 多頭,無資料,✅【持股續抱】順勢操作，等待訊號。,無特殊徵兆
2026-04-11,0050.TW,元大台灣50,80.75,62.93,➖ 量平,🔥 多頭,無資料,✅【持股續抱】順勢操作，等待訊號。,無特殊徵兆
2026-04-11,AAPL,蘋果,260.48,55.65,➖ 量平,🔥 多頭,無資料,✅【持股續抱】順勢操作，等待訊號。,⚠️【大變盤預警】布林通道極度壓縮！
2026-04-11,NVDA,輝達,188.63,61.35,📈 出量,🔥 多頭,無資料,✅【持股續抱】順勢操作，等待訊號。,無特殊徵兆
2026-04-11,MU,美光,420.59,57.37,➖ 量平,🔥 多頭,無資料,✅【持股續抱】順勢操作，等待訊號。,無特殊徵兆
2026-04-11,2408.TW,南亞科,215.00,45.43,➖ 量平,🔄 盤整,無資料,✅【持股續抱】順勢操作，等待訊號。,無特殊徵兆
2026-04-11,2027.TW,大成鋼,37.75,53.49,➖ 量平,🔄 盤整,無資料,✅【持股續抱】順勢操作，等待訊號。,⚠️【大變盤預警】布林通道極度壓縮！
2026-04-11,2382.TW,廣達,321.50,70.41,📈 出量,🔥 多頭,無資料,✅【持股續抱】順勢操作，等待訊號。,🚀【無壓巡航】帶量突破 20 日前高，強勢表態！
2026-04-11,2886.TW,兆豐金,39.85,58.57,➖ 量平,🔥 多頭,無資料,✅【持股續抱】順勢操作，等待訊號。,⚠️【大變盤預警】布林通道極度壓縮！
2026-04-11,2409.TW,友達,18.15,63.54,📈 出量,🔥 多頭,無資料,✅【持股續抱】順勢操作，等待訊號。,無特殊徵兆
2026-04-11,2352.TW,佳世達,24.05,50.72,➖ 量平,🔄 盤整,無資料,✅【持股續抱】順勢操作，等待訊號。,無特殊徵兆
2026-04-11,8431.TWO,匯鑽科,67.00,54.24,📈 出量,🔄 盤整,無資料,✅【持股續抱】順勢操作，等待訊號。,無特殊徵兆
2026-04-11,3231.TW,緯創,135.00,57.96,📈 出量,🔥 多頭,無資料,🔥【狙擊延續：強勢巡航】近期突破，站穩5日線，可逢低佈局！,無特殊徵兆
2026-04-11,3037.TW,欣興 (ABF載板),638.00,68.35,📉 量縮,🔥 多頭,無資料,✅【持股續抱】順勢操作，等待訊號。,無特殊徵兆
2026-04-11,5388.TW,中磊,84.10,63.43,➖ 量平,🔥 多頭,無資料,✅【持股續抱】順勢操作，等待訊號。,無特殊徵兆
2026-04-11,3714.TW,富采,52.00,58.09,📈 出量,🔄 盤整,無資料,✅【持股續抱】順勢操作，等待訊號。,無特殊徵兆
2026-04-11,2337.TW,旺宏,146.00,60.33,📈 出量,🔥 多頭,無資料,✅【持股續抱】順勢操作，等待訊號。,無特殊徵兆
2026-04-11,2330.TW,台積電,2000.00,63.99,➖ 量平,🔥 多頭,無資料,✅【持股續抱】順勢操作，等待訊號。,無特殊徵兆
2026-04-11,0050.TW,元大台灣50,80.75,62.93,➖ 量平,🔥 多頭,無資料,✅【持股續抱】順勢操作，等待訊號。,無特殊徵兆
2026-04-11,AAPL,蘋果,260.48,55.65,➖ 量平,🔥 多頭,無資料,✅【持股續抱】順勢操作，等待訊號。,⚠️【大變盤預警】布林通道極度壓縮！
2026-04-11,NVDA,輝達,188.63,61.35,📈 出量,🔥 多頭,無資料,✅【持股續抱】順勢操作，等待訊號。,無特殊徵兆
2026-04-11,MU,美光,420.59,57.37,➖ 量平,🔥 多頭,無資料,✅【持股續抱】順勢操作，等待訊號。,無特殊徵兆
2026-04-11,2408.TW,南亞科,215.00,45.43,➖ 量平,🔄 盤整,無資料,✅【持股續抱】順勢操作，等待訊號。,無特殊徵兆
2026-04-11,2027.TW,大成鋼,37.75,53.49,➖ 量平,🔄 盤整,無資料,✅【持股續抱】順勢操作，等待訊號。,⚠️【大變盤預警】布林通道極度壓縮！
2026-04-11,2382.TW,廣達,321.50,70.41,📈 出量,🔥 多頭,無資料,✅【持股續抱】順勢操作，等待訊號。,🚀【無壓巡航】帶量突破 20 日前高，強勢表態！
2026-04-11,2886.TW,兆豐金,39.85,58.57,➖ 量平,🔥 多頭,無資料,✅【持股續抱】順勢操作，等待訊號。,⚠️【大變盤預警】布林通道極度壓縮！
2026-04-11,2409.TW,友達,18.15,63.54,📈 出量,🔥 多頭,無資料,✅【持股續抱】順勢操作，等待訊號。,無特殊徵兆
2026-04-11,2352.TW,佳世達,24.05,50.72,➖ 量平,🔄 盤整,無資料,✅【持股續抱】順勢操作，等待訊號。,無特殊徵兆
2026-04-11,2317.TW,鴻海,200.50,45.72,➖ 量平,🔄 盤整,無資料,🔥【狙擊延續：強勢巡航】近期突破，站穩5日線，可逢低佈局！,無特殊徵兆
2026-04-11,6116.TW,彩晶,8.51,50.03,➖ 量平,🔄 盤整,無資料,🔥【狙擊延續：強勢巡航】近期突破，站穩5日線，可逢低佈局！,無特殊徵兆
2026-04-11,8431.TWO,匯鑽科,67.00,54.24,📈 出量,🔄 盤整,無資料,✅【持股續抱】順勢操作，等待訊號。,無特殊徵兆
2026-04-11,3231.TW,緯創,135.00,57.96,📈 出量,🔥 多頭,無資料,🔥【狙擊延續：強勢巡航】近期突破，站穩5日線，可逢低佈局！,無特殊徵兆
2026-04-11,3037.TW,欣興 (ABF載板),638.00,68.35,📉 量縮,🔥 多頭,無資料,✅ 持股觀望,無特殊徵兆
2026-04-11,5388.TW,中磊,84.10,63.43,➖ 量平,🔥 多頭,無資料,✅ 持股觀望,無特殊徵兆
2026-04-11,3714.TW,富采,52.00,58.09,📈 出量,🔄 盤整,無資料,✅ 持股觀望,無特殊徵兆
2026-04-11,2337.TW,旺宏,146.00,60.33,📈 出量,🔥 多頭,無資料,✅ 持股觀望,無特殊徵兆
2026-04-11,2330.TW,台積電,2000.00,63.99,➖ 量平,🔥 多頭,無資料,✅ 持股觀望,無特殊徵兆
2026-04-11,0050.TW,元大台灣50,80.75,62.93,➖ 量平,🔥 多頭,無資料,✅ 持股觀望,無特殊徵兆
2026-04-11,AAPL,蘋果,260.48,55.65,➖ 量平,🔥 多頭,無資料,✅ 持股觀望,⚠️【大變盤預警】布林通道極度壓縮！
2026-04-11,NVDA,輝達,188.63,61.35,📈 出量,🔥 多頭,無資料,✅ 持股觀望,無特殊徵兆
2026-04-11,MU,美光,420.59,57.37,➖ 量平,🔥 多頭,無資料,✅ 持股觀望,無特殊徵兆
2026-04-11,2408.TW,南亞科,215.00,45.43,➖ 量平,🔄 盤整,無資料,✅ 持股觀望,無特殊徵兆
2026-04-11,2027.TW,大成鋼,37.75,53.49,➖ 量平,🔄 盤整,無資料,✅ 持股觀望,⚠️【大變盤預警】布林通道極度壓縮！
2026-04-11,2382.TW,廣達,321.50,70.41,📈 出量,🔥 多頭,無資料,✅ 持股觀望,🚀【無壓巡航】帶量突破 20 日前高！
2026-04-11,2886.TW,兆豐金,39.85,58.57,➖ 量平,🔥 多頭,無資料,✅ 持股觀望,⚠️【大變盤預警】布林通道極度壓縮！
2026-04-11,2409.TW,友達,18.15,63.54,📈 出量,🔥 多頭,無資料,✅ 持股觀望,無特殊徵兆
2026-04-11,2352.TW,佳世達,24.05,50.72,➖ 量平,🔄 盤整,無資料,✅ 持股觀望,無特殊徵兆
2026-04-11,2317.TW,鴻海,200.50,45.72,➖ 量平,🔄 盤整,無資料,💼 已列入真實持股防禦區 | 📍 動態防線: 188.1,無特殊徵兆
2026-04-11,6116.TW,彩晶,8.51,50.03,➖ 量平,🔄 盤整,無資料,💼 已列入真實持股防禦區 | 📍 動態防線: 7.8,無特殊徵兆
2026-04-11,8431.TWO,匯鑽科,67.00,54.24,📈 出量,🔄 盤整,無資料,💼 已列入真實持股防禦區 | 📍 動態防線: 58.3,無特殊徵兆
2026-04-11,3231.TW,緯創,135.00,57.96,📈 出量,🔥 多頭,無資料,💼 已列入真實持股防禦區 | 📍 動態防線: 126.8,無特殊徵兆
2026-04-11,3037.TW,欣興 (ABF載板),638.00,68.35,📉 量縮,🔥 多頭,➖ 中性/偏空,✅ 持股觀望,無特殊徵兆
2026-04-11,5388.TW,中磊,84.10,63.43,➖ 量平,🔥 多頭,➖ 中性/偏空,✅ 持股觀望,無特殊徵兆
2026-04-11,3714.TW,富采,52.00,58.09,📈 出量,🔄 盤整,➖ 中性/偏空,✅ 持股觀望,無特殊徵兆
2026-04-11,2337.TW,旺宏,146.00,60.33,📈 出量,🔥 多頭,➖ 中性/偏空,✅ 持股觀望,無特殊徵兆
2026-04-11,2330.TW,台積電,2000.00,63.99,➖ 量平,🔥 多頭,➖ 中性/偏空,✅ 持股觀望,無特殊徵兆
2026-04-11,0050.TW,元大台灣50,80.75,62.93,➖ 量平,🔥 多頭,➖ 中性/偏空,✅ 持股觀望,無特殊徵兆
2026-04-11,AAPL,蘋果,260.48,55.65,➖ 量平,🔥 多頭,無資料,✅ 持股觀望,⚠️【大變盤預警】布林通道極度壓縮！
2026-04-11,NVDA,輝達,188.63,61.35,📈 出量,🔥 多頭,無資料,✅ 持股觀望,無特殊徵兆
2026-04-11,MU,美光,420.59,57.37,➖ 量平,🔥 多頭,無資料,✅ 持股觀望,無特殊徵兆
2026-04-11,2408.TW,南亞科,215.00,45.43,➖ 量平,🔄 盤整,➖ 中性/偏空,✅ 持股觀望,無特殊徵兆
2026-04-11,2027.TW,大成鋼,37.75,53.49,➖ 量平,🔄 盤整,➖ 中性/偏空,✅ 持股觀望,⚠️【大變盤預警】布林通道極度壓縮！
2026-04-11,2382.TW,廣達,321.50,70.41,📈 出量,🔥 多頭,➖ 中性/偏空,✅ 持股觀望,🚀【無壓巡航】帶量突破 20 日前高！
2026-04-11,2886.TW,兆豐金,39.85,58.57,➖ 量平,🔥 多頭,➖ 中性/偏空,✅ 持股觀望,⚠️【大變盤預警】布林通道極度壓縮！
2026-04-11,2409.TW,友達,18.15,63.54,📈 出量,🔥 多頭,➖ 中性/偏空,✅ 持股觀望,無特殊徵兆
2026-04-11,2352.TW,佳世達,24.05,50.72,➖ 量平,🔄 盤整,➖ 中性/偏空,✅ 持股觀望,無特殊徵兆
2026-04-11,2317.TW,鴻海,200.50,45.72,➖ 量平,🔄 盤整,➖ 中性/偏空,💼 已列入真實持股防禦區 | 📍 動態防線: 188.1,無特殊徵兆
2026-04-11,6116.TW,彩晶,8.51,50.03,➖ 量平,🔄 盤整,➖ 中性/偏空,💼 已列入真實持股防禦區 | 📍 動態防線: 7.8,無特殊徵兆
2026-04-11,8431.TWO,匯鑽科,67.00,54.24,📈 出量,🔄 盤整,無資料,💼 已列入真實持股防禦區 | 📍 動態防線: 58.3,無特殊徵兆
2026-04-11,3231.TW,緯創,135.00,57.96,📈 出量,🔥 多頭,➖ 中性/偏空,💼 已列入真實持股防禦區 | 📍 動態防線: 126.8,無特殊徵兆
2026-04-11,3037.TW,欣興 (ABF載板),638.00,68.35,📉 量縮,🔥 多頭,➖ 中性/偏空,✅ 持股觀望,無特殊徵兆
2026-04-11,3163.TWO,波若威,1260.00,74.92,📉 量縮,🔥 多頭,無資料,✅ 持股觀望,無特殊徵兆
2026-04-11,5388.TW,中磊,84.10,63.43,➖ 量平,🔥 多頭,➖ 中性/偏空,✅ 持股觀望,無特殊徵兆
2026-04-11,3714.TW,富采,52.00,58.09,📈 出量,🔄 盤整,➖ 中性/偏空,✅ 持股觀望,無特殊徵兆
2026-04-11,2337.TW,旺宏,146.00,60.33,📈 出量,🔥 多頭,➖ 中性/偏空,✅ 持股觀望,無特殊徵兆
2026-04-11,2330.TW,台積電,2000.00,63.99,➖ 量平,🔥 多頭,➖ 中性/偏空,✅ 持股觀望,無特殊徵兆
2026-04-11,0050.TW,元大台灣50,80.75,62.93,➖ 量平,🔥 多頭,➖ 中性/偏空,✅ 持股觀望,無特殊徵兆
2026-04-11,AAPL,蘋果,260.48,55.65,➖ 量平,🔥 多頭,無資料,✅ 持股觀望,⚠️【大變盤預警】布林通道極度壓縮！
2026-04-11,NVDA,輝達,188.63,61.35,📈 出量,🔥 多頭,無資料,✅ 持股觀望,無特殊徵兆
2026-04-11,MU,美光,420.59,57.37,➖ 量平,🔥 多頭,無資料,✅ 持股觀望,無特殊徵兆
2026-04-11,2408.TW,南亞科,215.00,45.43,➖ 量平,🔄 盤整,➖ 中性/偏空,✅ 持股觀望,無特殊徵兆
2026-04-11,3260.TWO,威剛,372.00,51.67,➖ 量平,🔄 盤整,無資料,✅ 持股觀望,無特殊徵兆
2026-04-11,8299.TWO,群聯,1660.00,47.05,➖ 量平,🔄 盤整,無資料,✅ 持股觀望,無特殊徵兆
2026-04-11,2027.TW,大成鋼,37.75,53.49,➖ 量平,🔄 盤整,➖ 中性/偏空,✅ 持股觀望,⚠️【大變盤預警】布林通道極度壓縮！
2026-04-11,2382.TW,廣達,321.50,70.41,📈 出量,🔥 多頭,➖ 中性/偏空,✅ 持股觀望,🚀【無壓巡航】帶量突破 20 日前高！
2026-04-11,2886.TW,兆豐金,39.85,58.57,➖ 量平,🔥 多頭,➖ 中性/偏空,✅ 持股觀望,⚠️【大變盤預警】布林通道極度壓縮！
2026-04-11,2409.TW,友達,18.15,63.54,📈 出量,🔥 多頭,➖ 中性/偏空,✅ 持股觀望,無特殊徵兆
2026-04-11,2352.TW,佳世達,24.05,50.72,➖ 量平,🔄 盤整,➖ 中性/偏空,✅ 持股觀望,無特殊徵兆
2026-04-11,2317.TW,鴻海,200.50,45.72,➖ 量平,🔄 盤整,➖ 中性/偏空,💼 已列入真實持股防禦區 | 📍 動態防線: 188.1,無特殊徵兆
2026-04-11,6116.TW,彩晶,8.51,50.03,➖ 量平,🔄 盤整,➖ 中性/偏空,💼 已列入真實持股防禦區 | 📍 動態防線: 7.8,無特殊徵兆
2026-04-11,8431.TWO,匯鑽科,67.00,54.24,📈 出量,🔄 盤整,無資料,💼 已列入真實持股防禦區 | 📍 動態防線: 58.3,無特殊徵兆
2026-04-11,3231.TW,緯創,135.00,57.96,📈 出量,🔥 多頭,➖ 中性/偏空,💼 已列入真實持股防禦區 | 📍 動態防線: 126.8,無特殊徵兆
2026-04-11,3037.TW,欣興 (ABF載板),638.00,68.35,📉 量縮,🔥 多頭,➖ 中性/偏空,✅ 持股觀望,無特殊徵兆
2026-04-11,3163.TWO,波若威,1260.00,74.92,📉 量縮,🔥 多頭,無資料,✅ 持股觀望,無特殊徵兆
2026-04-11,5388.TW,中磊,84.10,63.43,➖ 量平,🔥 多頭,➖ 中性/偏空,✅ 持股觀望,無特殊徵兆
2026-04-11,3714.TW,富采,52.00,58.09,📈 出量,🔄 盤整,➖ 中性/偏空,✅ 持股觀望,無特殊徵兆
2026-04-11,2337.TW,旺宏,146.00,60.33,📈 出量,🔥 多頭,➖ 中性/偏空,✅ 持股觀望,無特殊徵兆
2026-04-11,2330.TW,台積電,2000.00,63.99,➖ 量平,🔥 多頭,➖ 中性/偏空,✅ 持股觀望,無特殊徵兆
2026-04-11,0050.TW,元大台灣50,80.75,62.93,➖ 量平,🔥 多頭,➖ 中性/偏空,✅ 持股觀望,無特殊徵兆
2026-04-11,AAPL,蘋果,260.48,55.65,➖ 量平,🔥 多頭,無資料,✅ 持股觀望,⚠️【大變盤預警】布林通道極度壓縮！
2026-04-11,NVDA,輝達,188.63,61.35,📈 出量,🔥 多頭,無資料,✅ 持股觀望,無特殊徵兆
2026-04-11,MU,美光,420.59,57.37,➖ 量平,🔥 多頭,無資料,✅ 持股觀望,無特殊徵兆
2026-04-11,2408.TW,南亞科,215.00,45.43,➖ 量平,🔄 盤整,➖ 中性/偏空,✅ 持股觀望,無特殊徵兆
2026-04-11,3260.TWO,威剛,372.00,51.67,➖ 量平,🔄 盤整,無資料,✅ 持股觀望,無特殊徵兆
2026-04-11,8299.TWO,群聯,1660.00,47.05,➖ 量平,🔄 盤整,無資料,✅ 持股觀望,無特殊徵兆
2026-04-11,2027.TW,大成鋼,37.75,53.49,➖ 量平,🔄 盤整,➖ 中性/偏空,✅ 持股觀望,⚠️【大變盤預警】布林通道極度壓縮！
2026-04-11,2382.TW,廣達,321.50,70.41,📈 出量,🔥 多頭,➖ 中性/偏空,✅ 持股觀望,🚀【無壓巡航】帶量突破 20 日前高！
2026-04-11,2886.TW,兆豐金,39.85,58.57,➖ 量平,🔥 多頭,➖ 中性/偏空,✅ 持股觀望,⚠️【大變盤預警】布林通道極度壓縮！
2026-04-11,2409.TW,友達,18.15,63.54,📈 出量,🔥 多頭,➖ 中性/偏空,✅ 持股觀望,無特殊徵兆
2026-04-11,2352.TW,佳世達,24.05,50.72,➖ 量平,🔄 盤整,➖ 中性/偏空,✅ 持股觀望,無特殊徵兆
2026-04-11,2317.TW,鴻海,200.50,45.72,➖ 量平,🔄 盤整,➖ 中性/偏空,💼 已列入真實持股防禦區 | 📍 動態防線: 188.1,無特殊徵兆
2026-04-11,6116.TW,彩晶,8.51,50.03,➖ 量平,🔄 盤整,➖ 中性/偏空,💼 已列入真實持股防禦區 | 📍 動態防線: 7.8,無特殊徵兆
2026-04-11,8431.TWO,匯鑽科,67.00,54.24,📈 出量,🔄 盤整,無資料,💼 已列入真實持股防禦區 | 📍 動態防線: 58.3,無特殊徵兆
2026-04-11,3231.TW,緯創,135.00,57.96,📈 出量,🔥 多頭,➖ 中性/偏空,💼 已列入真實持股防禦區 | 📍 動態防線: 126.8,無特殊徵兆
2026-04-11,3037.TW,欣興 (ABF載板),638.00,68.35,📉 量縮,🔥 多頭,➖ 中性/偏空,✅ 持股觀望,無特殊徵兆
2026-04-11,3163.TWO,波若威,1260.00,74.92,📉 量縮,🔥 多頭,無資料,✅ 持股觀望,無特殊徵兆
2026-04-11,5388.TW,中磊,84.10,63.43,➖ 量平,🔥 多頭,➖ 中性/偏空,✅ 持股觀望,無特殊徵兆
2026-04-11,3714.TW,富采,52.00,58.09,📈 出量,🔄 盤整,➖ 中性/偏空,✅ 持股觀望,無特殊徵兆
2026-04-11,2337.TW,旺宏,146.00,60.33,📈 出量,🔥 多頭,➖ 中性/偏空,✅ 持股觀望,無特殊徵兆
2026-04-11,2330.TW,台積電,2000.00,63.99,➖ 量平,🔥 多頭,➖ 中性/偏空,✅ 持股觀望,無特殊徵兆
2026-04-11,0050.TW,元大台灣50,80.75,62.93,➖ 量平,🔥 多頭,➖ 中性/偏空,✅ 持股觀望,無特殊徵兆
2026-04-11,AAPL,蘋果,260.48,55.65,➖ 量平,🔥 多頭,無資料,✅ 持股觀望,⚠️【大變盤預警】布林通道極度壓縮！
2026-04-11,NVDA,輝達,188.63,61.35,📈 出量,🔥 多頭,無資料,✅ 持股觀望,無特殊徵兆
2026-04-11,MU,美光,420.59,57.37,➖ 量平,🔥 多頭,無資料,✅ 持股觀望,無特殊徵兆
2026-04-11,2408.TW,南亞科,215.00,45.43,➖ 量平,🔄 盤整,➖ 中性/偏空,✅ 持股觀望,無特殊徵兆
2026-04-11,3260.TWO,威剛,372.00,51.67,➖ 量平,🔄 盤整,無資料,✅ 持股觀望,無特殊徵兆
2026-04-11,8299.TWO,群聯,1660.00,47.05,➖ 量平,🔄 盤整,無資料,✅ 持股觀望,無特殊徵兆
2026-04-11,2027.TW,大成鋼,37.75,53.49,➖ 量平,🔄 盤整,➖ 中性/偏空,✅ 持股觀望,⚠️【大變盤預警】布林通道極度壓縮！
2026-04-11,2382.TW,廣達,321.50,70.41,📈 出量,🔥 多頭,➖ 中性/偏空,✅ 持股觀望,🚀【無壓巡航】帶量突破 20 日前高！
2026-04-11,2886.TW,兆豐金,39.85,58.57,➖ 量平,🔥 多頭,➖ 中性/偏空,✅ 持股觀望,⚠️【大變盤預警】布林通道極度壓縮！
2026-04-11,2409.TW,友達,18.15,63.54,📈 出量,🔥 多頭,➖ 中性/偏空,✅ 持股觀望,無特殊徵兆
2026-04-11,2352.TW,佳世達,24.05,50.72,➖ 量平,🔄 盤整,➖ 中性/偏空,✅ 持股觀望,無特殊徵兆
2026-04-11,2317.TW,鴻海,200.50,45.72,➖ 量平,🔄 盤整,➖ 中性/偏空,💼 已列入真實持股防禦區 | 📍 動態防線: 188.1,無特殊徵兆
2026-04-11,6116.TW,彩晶,8.51,50.03,➖ 量平,🔄 盤整,➖ 中性/偏空,💼 已列入真實持股防禦區 | 📍 動態防線: 7.8,無特殊徵兆
2026-04-11,8431.TWO,匯鑽科,67.00,54.24,📈 出量,🔄 盤整,無資料,💼 已列入真實持股防禦區 | 📍 動態防線: 58.3,無特殊徵兆
2026-04-11,3231.TW,緯創,135.00,57.96,📈 出量,🔥 多頭,➖ 中性/偏空,💼 已列入真實持股防禦區 | 📍 動態防線: 126.8,無特殊徵兆
2026-04-11,3037.TW,欣興 (ABF載板),638.00,68.35,📉 量縮,🔥 多頭,➖ 中性/偏空,✅ 持股觀望,無特殊徵兆
2026-04-11,3163.TWO,波若威,1260.00,74.92,📉 量縮,🔥 多頭,無資料,✅ 持股觀望,無特殊徵兆
2026-04-11,5388.TW,中磊,84.10,63.43,➖ 量平,🔥 多頭,➖ 中性/偏空,✅ 持股觀望,無特殊徵兆
2026-04-11,3714.TW,富采,52.00,58.09,📈 出量,🔄 盤整,➖ 中性/偏空,✅ 持股觀望,無特殊徵兆
2026-04-11,2337.TW,旺宏,146.00,60.33,📈 出量,🔥 多頭,➖ 中性/偏空,✅ 持股觀望,無特殊徵兆
2026-04-11,2330.TW,台積電,2000.00,63.99,➖ 量平,🔥 多頭,➖ 中性/偏空,✅ 持股觀望,無特殊徵兆
2026-04-11,0050.TW,元大台灣50,80.75,62.93,➖ 量平,🔥 多頭,➖ 中性/偏空,✅ 持股觀望,無特殊徵兆
2026-04-11,AAPL,蘋果,260.48,55.65,➖ 量平,🔥 多頭,無資料,✅ 持股觀望,⚠️【大變盤預警】布林通道極度壓縮！
2026-04-11,NVDA,輝達,188.63,61.35,📈 出量,🔥 多頭,無資料,✅ 持股觀望,無特殊徵兆
2026-04-11,MU,美光,420.59,57.37,➖ 量平,🔥 多頭,無資料,✅ 持股觀望,無特殊徵兆
2026-04-11,2408.TW,南亞科,215.00,45.43,➖ 量平,🔄 盤整,➖ 中性/偏空,✅ 持股觀望,無特殊徵兆
2026-04-11,3260.TWO,威剛,372.00,51.67,➖ 量平,🔄 盤整,無資料,✅ 持股觀望,無特殊徵兆
2026-04-11,8299.TWO,群聯,1660.00,47.05,➖ 量平,🔄 盤整,無資料,✅ 持股觀望,無特殊徵兆
2026-04-11,2027.TW,大成鋼,37.75,53.49,➖ 量平,🔄 盤整,➖ 中性/偏空,✅ 持股觀望,⚠️【大變盤預警】布林通道極度壓縮！
2026-04-11,2382.TW,廣達,321.50,70.41,📈 出量,🔥 多頭,➖ 中性/偏空,✅ 持股觀望,🚀【無壓巡航】帶量突破 20 日前高！
2026-04-11,2886.TW,兆豐金,39.85,58.57,➖ 量平,🔥 多頭,➖ 中性/偏空,✅ 持股觀望,⚠️【大變盤預警】布林通道極度壓縮！
2026-04-11,2409.TW,友達,18.15,63.54,📈 出量,🔥 多頭,➖ 中性/偏空,✅ 持股觀望,無特殊徵兆
2026-04-11,2352.TW,佳世達,24.05,50.72,➖ 量平,🔄 盤整,➖ 中性/偏空,✅ 持股觀望,無特殊徵兆
2026-04-11,2317.TW,鴻海,200.50,45.72,➖ 量平,🔄 盤整,➖ 中性/偏空,💼 已列入真實持股防禦區 | 📍 動態防線: 188.1,無特殊徵兆
2026-04-11,6116.TW,彩晶,8.51,50.03,➖ 量平,🔄 盤整,➖ 中性/偏空,💼 已列入真實持股防禦區 | 📍 動態防線: 7.8,無特殊徵兆
2026-04-11,8431.TWO,匯鑽科,67.00,54.24,📈 出量,🔄 盤整,無資料,💼 已列入真實持股防禦區 | 📍 動態防線: 58.3,無特殊徵兆
2026-04-11,3231.TW,緯創,135.00,57.96,📈 出量,🔥 多頭,➖ 中性/偏空,💼 已列入真實持股防禦區 | 📍 動態防線: 126.8,無特殊徵兆
2026-04-12,3037.TW,欣興 (ABF載板),638.00,68.35,📉 量縮,🔥 多頭,➖ 中性/偏空,✅ 持股觀望,無特殊徵兆
2026-04-12,3163.TWO,波若威,1260.00,74.92,📉 量縮,🔥 多頭,無資料,✅ 持股觀望,無特殊徵兆
2026-04-12,5388.TW,中磊,84.10,63.43,➖ 量平,🔥 多頭,➖ 中性/偏空,✅ 持股觀望,無特殊徵兆
2026-04-12,3714.TW,富采,52.00,58.09,📈 出量,🔄 盤整,➖ 中性/偏空,✅ 持股觀望,無特殊徵兆
2026-04-12,2337.TW,旺宏,146.00,60.33,📈 出量,🔥 多頭,➖ 中性/偏空,✅ 持股觀望,無特殊徵兆
2026-04-12,2330.TW,台積電,2000.00,63.99,➖ 量平,🔥 多頭,➖ 中性/偏空,✅ 持股觀望,無特殊徵兆
2026-04-12,0050.TW,元大台灣50,80.75,62.93,➖ 量平,🔥 多頭,➖ 中性/偏空,✅ 持股觀望,無特殊徵兆
2026-04-12,AAPL,蘋果,260.48,55.65,➖ 量平,🔥 多頭,無資料,✅ 持股觀望,⚠️【大變盤預警】通道極度壓縮！
2026-04-12,NVDA,輝達,188.63,61.35,📈 出量,🔥 多頭,無資料,✅ 持股觀望,無特殊徵兆
2026-04-12,MU,美光,420.59,57.37,➖ 量平,🔥 多頭,無資料,✅ 持股觀望,無特殊徵兆
2026-04-12,2408.TW,南亞科,215.00,45.43,➖ 量平,🔄 盤整,➖ 中性/偏空,✅ 持股觀望,無特殊徵兆
2026-04-12,3260.TWO,威剛,372.00,51.67,➖ 量平,🔄 盤整,無資料,✅ 持股觀望,無特殊徵兆
2026-04-12,8299.TWO,群聯,1660.00,47.05,➖ 量平,🔄 盤整,無資料,✅ 持股觀望,無特殊徵兆
2026-04-12,2027.TW,大成鋼,37.75,53.49,➖ 量平,🔄 盤整,➖ 中性/偏空,✅ 持股觀望,⚠️【大變盤預警】通道極度壓縮！
2026-04-12,2382.TW,廣達,321.50,70.41,📈 出量,🔥 多頭,➖ 中性/偏空,✅ 持股觀望,🚀【無壓巡航】突破 20 日高！
2026-04-12,2886.TW,兆豐金,39.85,58.57,➖ 量平,🔥 多頭,➖ 中性/偏空,✅ 持股觀望,⚠️【大變盤預警】通道極度壓縮！
2026-04-12,2409.TW,友達,18.15,63.54,📈 出量,🔥 多頭,➖ 中性/偏空,✅ 持股觀望,無特殊徵兆
2026-04-12,2352.TW,佳世達,24.05,50.72,➖ 量平,🔄 盤整,➖ 中性/偏空,✅ 持股觀望,無特殊徵兆
2026-04-12,2317.TW,鴻海,200.50,45.72,➖ 量平,🔄 盤整,➖ 中性/偏空,💼 已列入持股防禦區 | 📍 防線: 188.1,無特殊徵兆
2026-04-12,6116.TW,彩晶,8.51,50.03,➖ 量平,🔄 盤整,➖ 中性/偏空,💼 已列入持股防禦區 | 📍 防線: 7.8,無特殊徵兆
2026-04-12,8431.TWO,匯鑽科,67.00,54.24,📈 出量,🔄 盤整,無資料,💼 已列入持股防禦區 | 📍 防線: 58.3,無特殊徵兆
2026-04-12,3231.TW,緯創,135.00,57.96,📈 出量,🔥 多頭,➖ 中性/偏空,💼 已列入持股防禦區 | 📍 防線: 126.8,無特殊徵兆
2026-04-13,3037.TW,欣興 (ABF載板),640.00,68.53,📉 量縮,🔥 多頭,➖ 中性/偏空,✅ 持股觀望,無特殊徵兆
2026-04-13,3163.TWO,波若威,1185.00,68.04,📉 量縮,🔥 多頭,無資料,✅ 持股觀望,無特殊徵兆
2026-04-13,5388.TW,中磊,83.50,61.90,📉 量縮,🔥 多頭,➖ 中性/偏空,✅ 持股觀望,無特殊徵兆
2026-04-13,3714.TW,富采,51.90,57.91,📉 量縮,🔄 盤整,➖ 中性/偏空,✅ 持股觀望,無特殊徵兆
2026-04-13,2337.TW,旺宏,151.00,62.22,📉 量縮,🔥 多頭,➖ 中性/偏空,✅ 持股觀望,無特殊徵兆
2026-04-13,2330.TW,台積電,1990.00,62.73,📉 量縮,🔥 多頭,➖ 中性/偏空,✅ 持股觀望,無特殊徵兆
2026-04-13,0050.TW,元大台灣50,80.95,63.33,📉 量縮,🔥 多頭,➖ 中性/偏空,✅ 持股觀望,無特殊徵兆
2026-04-13,AAPL,蘋果,260.48,55.65,➖ 量平,🔥 多頭,無資料,✅ 持股觀望,⚠️【大變盤預警】通道極度壓縮！
2026-04-13,NVDA,輝達,188.63,61.35,📈 出量,🔥 多頭,無資料,✅ 持股觀望,無特殊徵兆
2026-04-13,MU,美光,420.59,57.37,➖ 量平,🔥 多頭,無資料,✅ 持股觀望,無特殊徵兆
2026-04-13,2408.TW,南亞科,224.50,48.47,📉 量縮,🔄 盤整,➖ 中性/偏空,✅ 持股觀望,無特殊徵兆
2026-04-13,3260.TWO,威剛,381.50,53.26,📉 量縮,🔄 盤整,無資料,✅ 持股觀望,無特殊徵兆
2026-04-13,8299.TWO,群聯,1770.00,51.91,📉 量縮,🔄 盤整,無資料,✅ 持股觀望,無特殊徵兆
2026-04-13,2027.TW,大成鋼,38.25,57.34,📉 量縮,🔥 多頭,➖ 中性/偏空,✅ 持股觀望,⚠️【大變盤預警】通道極度壓縮！
2026-04-13,2382.TW,廣達,318.50,67.66,📉 量縮,🔥 多頭,➖ 中性/偏空,✅ 持股觀望,無特殊徵兆
2026-04-13,2886.TW,兆豐金,39.20,48.93,📉 量縮,🔄 盤整,➖ 中性/偏空,✅ 持股觀望,⚠️【大變盤預警】通道極度壓縮！
2026-04-13,2409.TW,友達,17.95,62.00,📉 量縮,🔥 多頭,➖ 中性/偏空,✅ 持股觀望,無特殊徵兆
2026-04-13,2352.TW,佳世達,23.90,49.10,📉 量縮,🔥 多頭,➖ 中性/偏空,✅ 持股觀望,無特殊徵兆
2026-04-13,2317.TW,鴻海,201.00,46.23,📉 量縮,🔄 盤整,➖ 中性/偏空,💼 已列入持股防禦區 | 📍 防線: 188.4,無特殊徵兆
2026-04-13,6116.TW,彩晶,8.45,49.04,📉 量縮,🔄 盤整,➖ 中性/偏空,💼 已列入持股防禦區 | 📍 防線: 7.8,無特殊徵兆
2026-04-13,8431.TWO,匯鑽科,64.00,49.95,📉 量縮,🔄 盤整,無資料,💼 已列入持股防禦區 | 📍 防線: 58.3,無特殊徵兆
2026-04-13,3231.TW,緯創,134.50,57.10,📉 量縮,🔥 多頭,➖ 中性/偏空,💼 已列入持股防禦區 | 📍 防線: 126.9,無特殊徵兆
2026-04-13,3037.TW,欣興 (ABF載板),642.00,68.70,📉 量縮,🔥 多頭,➖ 中性/偏空,✅ 持股觀望,無特殊徵兆
2026-04-13,3163.TWO,波若威,1180.00,67.62,📉 量縮,🔥 多頭,無資料,✅ 持股觀望,無特殊徵兆
2026-04-13,5388.TW,中磊,84.70,64.32,📉 量縮,🔥 多頭,➖ 中性/偏空,✅ 持股觀望,無特殊徵兆
2026-04-13,3714.TW,富采,51.70,57.54,📉 量縮,🔄 盤整,➖ 中性/偏空,✅ 持股觀望,無特殊徵兆
2026-04-13,2337.TW,旺宏,147.00,60.72,📉 量縮,🔥 多頭,➖ 中性/偏空,✅ 持股觀望,無特殊徵兆
2026-04-13,2330.TW,台積電,1995.00,63.36,📉 量縮,🔥 多頭,➖ 中性/偏空,✅ 持股觀望,無特殊徵兆
2026-04-13,0050.TW,元大台灣50,80.95,63.33,📉 量縮,🔥 多頭,➖ 中性/偏空,✅ 持股觀望,無特殊徵兆
2026-04-13,AAPL,蘋果,260.48,55.65,➖ 量平,🔥 多頭,無資料,✅ 持股觀望,⚠️【大變盤預警】通道極度壓縮！
2026-04-13,NVDA,輝達,188.63,61.35,📈 出量,🔥 多頭,無資料,✅ 持股觀望,無特殊徵兆
2026-04-13,MU,美光,420.59,57.37,➖ 量平,🔥 多頭,無資料,✅ 持股觀望,無特殊徵兆
2026-04-13,2408.TW,南亞科,219.50,46.91,📉 量縮,🔄 盤整,➖ 中性/偏空,✅ 持股觀望,無特殊徵兆
2026-04-13,3260.TWO,威剛,373.00,51.84,📉 量縮,🔄 盤整,無資料,✅ 持股觀望,無特殊徵兆
2026-04-13,8299.TWO,群聯,1725.00,50.03,➖ 量平,🔄 盤整,無資料,✅ 持股觀望,無特殊徵兆
2026-04-13,2027.TW,大成鋼,38.60,59.67,📉 量縮,🔥 多頭,➖ 中性/偏空,✅ 持股觀望,無特殊徵兆
2026-04-13,2382.TW,廣達,318.00,67.23,📉 量縮,🔥 多頭,➖ 中性/偏空,✅ 持股觀望,無特殊徵兆
2026-04-13,2886.TW,兆豐金,39.10,47.72,📉 量縮,🔄 盤整,➖ 中性/偏空,✅ 持股觀望,⚠️【大變盤預警】通道極度壓縮！
2026-04-13,2409.TW,友達,17.85,61.26,📉 量縮,🔥 多頭,➖ 中性/偏空,✅ 持股觀望,無特殊徵兆
2026-04-13,2352.TW,佳世達,24.10,51.25,📉 量縮,🔥 多頭,➖ 中性/偏空,✅ 持股觀望,無特殊徵兆
2026-04-13,2317.TW,鴻海,202.00,47.21,📉 量縮,🔄 盤整,➖ 中性/偏空,💼 已列入持股防禦區 | 📍 防線: 189.6,無特殊徵兆
2026-04-13,6116.TW,彩晶,8.44,48.87,📉 量縮,🔄 盤整,➖ 中性/偏空,💼 已列入持股防禦區 | 📍 防線: 7.8,無特殊徵兆
2026-04-13,8431.TWO,匯鑽科,65.50,52.01,📉 量縮,🔄 盤整,無資料,💼 已列入持股防禦區 | 📍 防線: 58.3,無特殊徵兆
2026-04-13,3231.TW,緯創,136.00,59.18,📉 量縮,🔥 多頭,➖ 中性/偏空,💼 已列入持股防禦區 | 📍 防線: 128.2,無特殊徵兆
2026-04-13,3037.TW,欣興 (ABF載板),632.00,67.20,📉 量縮,🔥 多頭,➖ 中性/偏空,✅ 持股觀望,無特殊徵兆
2026-04-13,3163.TWO,波若威,1200.00,69.31,📉 量縮,🔥 多頭,無資料,✅ 持股觀望,無特殊徵兆
2026-04-13,5388.TW,中磊,83.90,62.91,📉 量縮,🔥 多頭,➖ 中性/偏空,✅ 持股觀望,無特殊徵兆
2026-04-13,3714.TW,富采,57.20,64.03,➖ 量平,🔥 多頭,➖ 中性/偏空,✅ 持股觀望,無特殊徵兆
2026-04-13,2337.TW,旺宏,146.00,60.33,➖ 量平,🔥 多頭,➖ 中性/偏空,✅ 持股觀望,無特殊徵兆
2026-04-13,2330.TW,台積電,1980.00,61.52,📉 量縮,🔥 多頭,➖ 中性/偏空,✅ 持股觀望,無特殊徵兆
2026-04-13,0050.TW,元大台灣50,80.65,62.59,📉 量縮,🔥 多頭,➖ 中性/偏空,✅ 持股觀望,無特殊徵兆
2026-04-13,AAPL,蘋果,260.48,55.65,➖ 量平,🔥 多頭,無資料,✅ 持股觀望,⚠️【大變盤預警】通道極度壓縮！
2026-04-13,NVDA,輝達,188.63,61.35,📈 出量,🔥 多頭,無資料,✅ 持股觀望,無特殊徵兆
2026-04-13,MU,美光,420.59,57.37,➖ 量平,🔥 多頭,無資料,✅ 持股觀望,無特殊徵兆
2026-04-13,2408.TW,南亞科,223.50,48.16,➖ 量平,🔄 盤整,➖ 中性/偏空,✅ 持股觀望,無特殊徵兆
2026-04-13,3260.TWO,威剛,366.50,50.66,➖ 量平,🧊 空頭,無資料,✅ 持股觀望,無特殊徵兆
2026-04-13,8299.TWO,群聯,1720.00,49.81,➖ 量平,🔄 盤整,無資料,✅ 持股觀望,無特殊徵兆
2026-04-13,2027.TW,大成鋼,38.20,56.98,📉 量縮,🔄 盤整,➖ 中性/偏空,✅ 持股觀望,⚠️【大變盤預警】通道極度壓縮！
2026-04-13,2382.TW,廣達,319.00,68.11,📉 量縮,🔥 多頭,➖ 中性/偏空,✅ 持股觀望,無特殊徵兆
2026-04-13,2886.TW,兆豐金,39.20,48.93,📉 量縮,🔄 盤整,➖ 中性/偏空,✅ 持股觀望,⚠️【大變盤預警】通道極度壓縮！
2026-04-13,2409.TW,友達,17.95,62.00,📉 量縮,🔥 多頭,➖ 中性/偏空,✅ 持股觀望,無特殊徵兆
2026-04-13,2352.TW,佳世達,24.05,50.72,📉 量縮,🔥 多頭,➖ 中性/偏空,✅ 持股觀望,無特殊徵兆
2026-04-13,2317.TW,鴻海,200.50,45.72,📉 量縮,🔄 盤整,➖ 中性/偏空,💼 已列入持股防禦區 | 📍 防線: 189.6,無特殊徵兆
2026-04-13,6116.TW,彩晶,8.52,50.19,📉 量縮,🔄 盤整,➖ 中性/偏空,💼 已列入持股防禦區 | 📍 防線: 7.8,無特殊徵兆
2026-04-13,8431.TWO,匯鑽科,64.90,51.17,📉 量縮,🔄 盤整,無資料,💼 已列入持股防禦區 | 📍 防線: 58.3,無特殊徵兆
2026-04-13,3231.TW,緯創,134.50,57.10,📉 量縮,🔥 多頭,➖ 中性/偏空,💼 已列入持股防禦區 | 📍 防線: 128.2,無特殊徵兆
2026-04-13,3037.TW,欣興 (ABF載板),628.00,66.46,📉 量縮,🔥 多頭,➖ 中性/偏空,✅ 持股觀望,無特殊徵兆
2026-04-13,3163.TWO,波若威,1205.00,69.75,📉 量縮,🔥 多頭,無資料,✅ 持股觀望,無特殊徵兆
2026-04-13,5388.TW,中磊,84.20,63.58,📉 量縮,🔥 多頭,➖ 中性/偏空,✅ 持股觀望,無特殊徵兆
2026-04-13,3714.TW,富采,57.20,64.03,➖ 量平,🔥 多頭,➖ 中性/偏空,✅ 持股觀望,無特殊徵兆
2026-04-13,2337.TW,旺宏,146.00,60.33,➖ 量平,🔥 多頭,➖ 中性/偏空,✅ 持股觀望,無特殊徵兆
2026-04-13,2330.TW,台積電,1985.00,62.12,📉 量縮,🔥 多頭,➖ 中性/偏空,✅ 持股觀望,無特殊徵兆
2026-04-13,0050.TW,元大台灣50,80.70,62.76,📉 量縮,🔥 多頭,➖ 中性/偏空,✅ 持股觀望,無特殊徵兆
2026-04-13,AAPL,蘋果,260.48,55.65,➖ 量平,🔥 多頭,無資料,✅ 持股觀望,⚠️【大變盤預警】通道極度壓縮！
2026-04-13,NVDA,輝達,188.63,61.35,📈 出量,🔥 多頭,無資料,✅ 持股觀望,無特殊徵兆
2026-04-13,MU,美光,420.59,57.37,➖ 量平,🔥 多頭,無資料,✅ 持股觀望,無特殊徵兆
2026-04-13,2408.TW,南亞科,224.00,48.32,➖ 量平,🔄 盤整,➖ 中性/偏空,✅ 持股觀望,無特殊徵兆
2026-04-13,3260.TWO,威剛,365.50,50.48,➖ 量平,🧊 空頭,無資料,✅ 持股觀望,無特殊徵兆
2026-04-13,8299.TWO,群聯,1725.00,50.03,➖ 量平,🔄 盤整,無資料,✅ 持股觀望,無特殊徵兆
2026-04-13,2027.TW,大成鋼,38.30,57.69,📉 量縮,🔥 多頭,➖ 中性/偏空,✅ 持股觀望,⚠️【大變盤預警】通道極度壓縮！
2026-04-13,2382.TW,廣達,318.50,67.66,📉 量縮,🔥 多頭,➖ 中性/偏空,✅ 持股觀望,無特殊徵兆
2026-04-13,2886.TW,兆豐金,39.30,50.20,📉 量縮,🔄 盤整,➖ 中性/偏空,✅ 持股觀望,⚠️【大變盤預警】通道極度壓縮！
2026-04-13,2409.TW,友達,17.95,62.00,📉 量縮,🔥 多頭,➖ 中性/偏空,✅ 持股觀望,無特殊徵兆
2026-04-13,2352.TW,佳世達,24.05,50.72,📉 量縮,🔥 多頭,➖ 中性/偏空,✅ 持股觀望,無特殊徵兆
2026-04-13,2317.TW,鴻海,200.50,45.72,📉 量縮,🔄 盤整,➖ 中性/偏空,💼 已列入持股防禦區 | 📍 防線: 189.6,無特殊徵兆
2026-04-13,6116.TW,彩晶,8.51,50.03,📉 量縮,🔄 盤整,➖ 中性/偏空,💼 已列入持股防禦區 | 📍 防線: 7.8,無特殊徵兆
2026-04-13,8431.TWO,匯鑽科,65.00,51.31,📉 量縮,🔄 盤整,無資料,💼 已列入持股防禦區 | 📍 防線: 58.3,無特殊徵兆
2026-04-13,3231.TW,緯創,134.50,57.10,📉 量縮,🔥 多頭,➖ 中性/偏空,💼 已列入持股防禦區 | 📍 防線: 128.2,無特殊徵兆
2026-04-13,3037.TW,欣興 (ABF載板),626.00,66.10,📈 出量,🔥 多頭,➖ 中性/偏空,✅ 持股觀望,無特殊徵兆
2026-04-13,3163.TWO,波若威,1200.00,69.31,📉 量縮,🔥 多頭,無資料,✅ 持股觀望,無特殊徵兆
2026-04-13,5388.TW,中磊,84.30,63.73,📉 量縮,🔥 多頭,➖ 中性/偏空,✅ 持股觀望,無特殊徵兆
2026-04-13,3714.TW,富采,57.20,64.03,➖ 量平,🔥 多頭,➖ 中性/偏空,✅ 持股觀望,無特殊徵兆
2026-04-13,2337.TW,旺宏,147.50,60.92,➖ 量平,🔥 多頭,➖ 中性/偏空,✅ 持股觀望,無特殊徵兆
2026-04-13,2330.TW,台積電,1990.00,62.73,➖ 量平,🔥 多頭,➖ 中性/偏空,✅ 持股觀望,無特殊徵兆
2026-04-13,0050.TW,元大台灣50,80.60,62.42,📉 量縮,🔥 多頭,➖ 中性/偏空,✅ 持股觀望,無特殊徵兆
2026-04-13,AAPL,蘋果,260.48,55.65,➖ 量平,🔥 多頭,無資料,✅ 持股觀望,⚠️【大變盤預警】通道極度壓縮！
2026-04-13,NVDA,輝達,188.63,61.35,📈 出量,🔥 多頭,無資料,✅ 持股觀望,無特殊徵兆
2026-04-13,MU,美光,420.59,57.37,➖ 量平,🔥 多頭,無資料,✅ 持股觀望,無特殊徵兆
2026-04-13,2408.TW,南亞科,225.50,48.77,➖ 量平,🔄 盤整,➖ 中性/偏空,✅ 持股觀望,無特殊徵兆
2026-04-13,3260.TWO,威剛,365.50,50.48,➖ 量平,🧊 空頭,無資料,✅ 持股觀望,無特殊徵兆
2026-04-13,8299.TWO,群聯,1720.00,49.81,➖ 量平,🔄 盤整,無資料,✅ 持股觀望,無特殊徵兆
2026-04-13,2027.TW,大成鋼,38.30,57.69,📉 量縮,🔥 多頭,➖ 中性/偏空,✅ 持股觀望,⚠️【大變盤預警】通道極度壓縮！
2026-04-13,2382.TW,廣達,319.00,68.11,📉 量縮,🔥 多頭,➖ 中性/偏空,✅ 持股觀望,無特殊徵兆
2026-04-13,2886.TW,兆豐金,39.30,50.20,➖ 量平,🔄 盤整,➖ 中性/偏空,✅ 持股觀望,⚠️【大變盤預警】通道極度壓縮！
2026-04-13,2409.TW,友達,18.00,62.38,📉 量縮,🔥 多頭,➖ 中性/偏空,✅ 持股觀望,無特殊徵兆
2026-04-13,2352.TW,佳世達,24.05,50.72,📉 量縮,🔥 多頭,➖ 中性/偏空,✅ 持股觀望,無特殊徵兆
2026-04-13,2317.TW,鴻海,200.00,45.30,📉 量縮,🔄 盤整,➖ 中性/偏空,💼 已列入持股防禦區 | 📍 防線: 189.6,無特殊徵兆
2026-04-13,6116.TW,彩晶,8.52,50.19,📉 量縮,🔄 盤整,➖ 中性/偏空,💼 已列入持股防禦區 | 📍 防線: 7.8,無特殊徵兆
2026-04-13,8431.TWO,匯鑽科,64.90,51.17,📉 量縮,🔄 盤整,無資料,💼 已列入持股防禦區 | 📍 防線: 58.3,無特殊徵兆
2026-04-13,3231.TW,緯創,134.50,57.10,➖ 量平,🔥 多頭,➖ 中性/偏空,💼 已列入持股防禦區 | 📍 防線: 128.2,無特殊徵兆
2026-04-13,3037.TW,欣興 (ABF載板),626.00,66.10,📈 出量,🔥 多頭,➖ 中性/偏空,✅ 持股觀望,無特殊徵兆
2026-04-13,3163.TWO,波若威,1200.00,69.31,📉 量縮,🔥 多頭,無資料,✅ 持股觀望,無特殊徵兆
2026-04-13,5388.TW,中磊,84.30,63.73,📉 量縮,🔥 多頭,➖ 中性/偏空,✅ 持股觀望,無特殊徵兆
2026-04-13,3714.TW,富采,57.20,64.03,➖ 量平,🔥 多頭,➖ 中性/偏空,✅ 持股觀望,無特殊徵兆
2026-04-13,2337.TW,旺宏,147.50,60.92,➖ 量平,🔥 多頭,➖ 中性/偏空,✅ 持股觀望,無特殊徵兆
2026-04-13,2330.TW,台積電,1990.00,62.73,➖ 量平,🔥 多頭,➖ 中性/偏空,✅ 持股觀望,無特殊徵兆
2026-04-13,0050.TW,元大台灣50,80.60,62.42,📉 量縮,🔥 多頭,➖ 中性/偏空,✅ 持股觀望,無特殊徵兆
2026-04-13,AAPL,蘋果,260.48,55.65,➖ 量平,🔥 多頭,無資料,✅ 持股觀望,⚠️【大變盤預警】通道極度壓縮！
2026-04-13,NVDA,輝達,188.63,61.35,📈 出量,🔥 多頭,無資料,✅ 持股觀望,無特殊徵兆
2026-04-13,MU,美光,420.59,57.37,➖ 量平,🔥 多頭,無資料,✅ 持股觀望,無特殊徵兆
2026-04-13,2408.TW,南亞科,225.50,48.77,➖ 量平,🔄 盤整,➖ 中性/偏空,✅ 持股觀望,無特殊徵兆
2026-04-13,3260.TWO,威剛,365.50,50.48,➖ 量平,🧊 空頭,無資料,✅ 持股觀望,無特殊徵兆
2026-04-13,8299.TWO,群聯,1720.00,49.81,➖ 量平,🔄 盤整,無資料,✅ 持股觀望,無特殊徵兆
2026-04-13,2027.TW,大成鋼,38.30,57.69,📉 量縮,🔥 多頭,➖ 中性/偏空,✅ 持股觀望,⚠️【大變盤預警】通道極度壓縮！
2026-04-13,2382.TW,廣達,319.00,68.11,📉 量縮,🔥 多頭,➖ 中性/偏空,✅ 持股觀望,無特殊徵兆
2026-04-13,2886.TW,兆豐金,39.30,50.20,➖ 量平,🔄 盤整,➖ 中性/偏空,✅ 持股觀望,⚠️【大變盤預警】通道極度壓縮！
2026-04-13,2409.TW,友達,18.00,62.38,📉 量縮,🔥 多頭,➖ 中性/偏空,✅ 持股觀望,無特殊徵兆
2026-04-13,2352.TW,佳世達,24.05,50.72,📉 量縮,🔥 多頭,➖ 中性/偏空,✅ 持股觀望,無特殊徵兆
2026-04-13,2317.TW,鴻海,200.00,45.30,📉 量縮,🔄 盤整,➖ 中性/偏空,💼 已列入持股防禦區 | 📍 防線: 189.6,無特殊徵兆
2026-04-13,6116.TW,彩晶,8.52,50.19,📉 量縮,🔄 盤整,➖ 中性/偏空,💼 已列入持股防禦區 | 📍 防線: 7.8,無特殊徵兆
2026-04-13,8431.TWO,匯鑽科,64.90,51.17,📉 量縮,🔄 盤整,無資料,💼 已列入持股防禦區 | 📍 防線: 58.3,無特殊徵兆
2026-04-13,3231.TW,緯創,134.50,57.10,➖ 量平,🔥 多頭,➖ 中性/偏空,💼 已列入持股防禦區 | 📍 防線: 128.2,無特殊徵兆
2026-04-13,3037.TW,欣興 (ABF載板),626.00,66.10,📈 出量,🔥 多頭,➖ 中性/偏空,✅ 持股觀望,無特殊徵兆
2026-04-13,3163.TWO,波若威,1200.00,69.31,📉 量縮,🔥 多頭,無資料,✅ 持股觀望,無特殊徵兆
2026-04-13,5388.TW,中磊,84.30,63.73,📉 量縮,🔥 多頭,➖ 中性/偏空,✅ 持股觀望,無特殊徵兆
2026-04-13,3714.TW,富采,57.20,64.03,➖ 量平,🔥 多頭,➖ 中性/偏空,✅ 持股觀望,無特殊徵兆
2026-04-13,2337.TW,旺宏,147.50,60.92,➖ 量平,🔥 多頭,➖ 中性/偏空,✅ 持股觀望,無特殊徵兆
2026-04-13,2330.TW,台積電,1990.00,62.73,➖ 量平,🔥 多頭,➖ 中性/偏空,✅ 持股觀望,無特殊徵兆
2026-04-13,0050.TW,元大台灣50,80.60,62.42,📉 量縮,🔥 多頭,➖ 中性/偏空,✅ 持股觀望,無特殊徵兆
2026-04-13,AAPL,蘋果,260.48,55.65,➖ 量平,🔥 多頭,無資料,✅ 持股觀望,⚠️【大變盤預警】通道極度壓縮！
2026-04-13,NVDA,輝達,188.63,61.35,📈 出量,🔥 多頭,無資料,✅ 持股觀望,無特殊徵兆
2026-04-13,MU,美光,420.59,57.37,➖ 量平,🔥 多頭,無資料,✅ 持股觀望,無特殊徵兆
2026-04-13,2408.TW,南亞科,225.50,48.77,➖ 量平,🔄 盤整,➖ 中性/偏空,✅ 持股觀望,無特殊徵兆
2026-04-13,3260.TWO,威剛,365.50,50.48,➖ 量平,🧊 空頭,無資料,✅ 持股觀望,無特殊徵兆
2026-04-13,8299.TWO,群聯,1720.00,49.81,➖ 量平,🔄 盤整,無資料,✅ 持股觀望,無特殊徵兆
2026-04-13,2027.TW,大成鋼,38.30,57.69,📉 量縮,🔥 多頭,➖ 中性/偏空,✅ 持股觀望,⚠️【大變盤預警】通道極度壓縮！
2026-04-13,2382.TW,廣達,319.00,68.11,📉 量縮,🔥 多頭,➖ 中性/偏空,✅ 持股觀望,無特殊徵兆
2026-04-13,2886.TW,兆豐金,39.30,50.20,➖ 量平,🔄 盤整,➖ 中性/偏空,✅ 持股觀望,⚠️【大變盤預警】通道極度壓縮！
2026-04-13,2409.TW,友達,18.00,62.38,📉 量縮,🔥 多頭,➖ 中性/偏空,✅ 持股觀望,無特殊徵兆
2026-04-13,2352.TW,佳世達,24.05,50.72,📉 量縮,🔥 多頭,➖ 中性/偏空,✅ 持股觀望,無特殊徵兆
2026-04-13,2317.TW,鴻海,200.00,45.30,📉 量縮,🔄 盤整,➖ 中性/偏空,💼 已列入持股防禦區 | 📍 防線: 189.6,無特殊徵兆
2026-04-13,6116.TW,彩晶,8.52,50.19,📉 量縮,🔄 盤整,➖ 中性/偏空,💼 已列入持股防禦區 | 📍 防線: 7.8,無特殊徵兆
2026-04-13,8431.TWO,匯鑽科,64.90,51.17,📉 量縮,🔄 盤整,無資料,💼 已列入持股防禦區 | 📍 防線: 58.3,無特殊徵兆
2026-04-13,3231.TW,緯創,134.50,57.10,➖ 量平,🔥 多頭,➖ 中性/偏空,💼 已列入持股防禦區 | 📍 防線: 128.2,無特殊徵兆
2026-04-13,3037.TW,欣興 (ABF載板),626.00,66.10,📈 出量,🔥 多頭,➖ 中性/偏空,✅ 持股觀望,無特殊徵兆
2026-04-13,6239.TW,力成,218.50,55.38,➖ 量平,🔥 多頭,➖ 中性/偏空,✅ 持股觀望,無特殊徵兆
2026-04-13,5388.TW,中磊,84.30,63.73,📉 量縮,🔥 多頭,➖ 中性/偏空,✅ 持股觀望,無特殊徵兆
2026-04-13,3714.TW,富采,57.20,64.03,➖ 量平,🔥 多頭,➖ 中性/偏空,✅ 持股觀望,無特殊徵兆
2026-04-13,2337.TW,旺宏,147.50,60.92,➖ 量平,🔥 多頭,➖ 中性/偏空,✅ 持股觀望,無特殊徵兆
2026-04-13,2428.TW,興勤,177.00,62.78,➖ 量平,🔥 多頭,➖ 中性/偏空,✅ 持股觀望,無特殊徵兆
2026-04-13,2330.TW,台積電,1990.00,62.73,➖ 量平,🔥 多頭,➖ 中性/偏空,✅ 持股觀望,無特殊徵兆
2026-04-13,0050.TW,元大台灣50,80.60,62.42,📉 量縮,🔥 多頭,➖ 中性/偏空,✅ 持股觀望,無特殊徵兆
2026-04-13,AAPL,蘋果,257.11,50.70,📉 量縮,🔄 盤整,無資料,✅ 持股觀望,⚠️【大變盤預警】通道極度壓縮！
2026-04-13,NVDA,輝達,188.40,61.01,📉 量縮,🔥 多頭,無資料,✅ 持股觀望,無特殊徵兆
2026-04-13,MU,美光,415.74,55.91,📉 量縮,🔥 多頭,無資料,✅ 持股觀望,無特殊徵兆
2026-04-13,2408.TW,南亞科,225.50,48.77,➖ 量平,🔄 盤整,➖ 中性/偏空,✅ 持股觀望,無特殊徵兆
2026-04-13,3260.TWO,威剛,365.50,50.48,➖ 量平,🧊 空頭,無資料,✅ 持股觀望,無特殊徵兆
2026-04-13,8299.TWO,群聯,1720.00,49.81,➖ 量平,🔄 盤整,無資料,✅ 持股觀望,無特殊徵兆
2026-04-13,2027.TW,大成鋼,38.30,57.69,📉 量縮,🔥 多頭,➖ 中性/偏空,✅ 持股觀望,⚠️【大變盤預警】通道極度壓縮！
2026-04-13,2382.TW,廣達,319.00,68.11,📉 量縮,🔥 多頭,➖ 中性/偏空,✅ 持股觀望,無特殊徵兆
2026-04-13,2886.TW,兆豐金,39.30,50.20,➖ 量平,🔄 盤整,➖ 中性/偏空,✅ 持股觀望,⚠️【大變盤預警】通道極度壓縮！
2026-04-13,2409.TW,友達,18.00,62.38,📉 量縮,🔥 多頭,➖ 中性/偏空,✅ 持股觀望,無特殊徵兆
2026-04-13,2352.TW,佳世達,24.05,50.72,📉 量縮,🔥 多頭,➖ 中性/偏空,✅ 持股觀望,無特殊徵兆
2026-04-13,2317.TW,鴻海,200.00,45.30,📉 量縮,🔄 盤整,➖ 中性/偏空,💼 已列入持股防禦區 | 📍 防線: 189.6,無特殊徵兆
2026-04-13,6116.TW,彩晶,8.52,50.19,📉 量縮,🔄 盤整,➖ 中性/偏空,💼 已列入持股防禦區 | 📍 防線: 7.8,無特殊徵兆
2026-04-13,8431.TWO,匯鑽科,64.90,51.17,📉 量縮,🔄 盤整,無資料,💼 已列入持股防禦區 | 📍 防線: 58.3,無特殊徵兆
2026-04-13,3231.TW,緯創,134.50,57.10,➖ 量平,🔥 多頭,➖ 中性/偏空,💼 已列入持股防禦區 | 📍 防線: 128.2,無特殊徵兆
2026-04-13,3037.TW,欣興 (ABF載板),626.00,66.10,📈 出量,🔥 多頭,➖ 中性/偏空,✅ 持股觀望,無特殊徵兆
2026-04-13,6239.TW,力成,218.50,55.38,➖ 量平,🔥 多頭,➖ 中性/偏空,✅ 持股觀望,無特殊徵兆
2026-04-13,5388.TW,中磊,84.30,63.73,📉 量縮,🔥 多頭,➖ 中性/偏空,✅ 持股觀望,無特殊徵兆
2026-04-13,3714.TW,富采,57.20,64.03,➖ 量平,🔥 多頭,➖ 中性/偏空,✅ 持股觀望,無特殊徵兆
2026-04-13,2337.TW,旺宏,147.50,60.92,➖ 量平,🔥 多頭,➖ 中性/偏空,✅ 持股觀望,無特殊徵兆
2026-04-13,2428.TW,興勤,177.00,62.78,➖ 量平,🔥 多頭,➖ 中性/偏空,✅ 持股觀望,無特殊徵兆
2026-04-13,2330.TW,台積電,1990.00,62.73,➖ 量平,🔥 多頭,➖ 中性/偏空,✅ 持股觀望,無特殊徵兆
2026-04-13,0050.TW,元大台灣50,80.60,62.42,📉 量縮,🔥 多頭,➖ 中性/偏空,✅ 持股觀望,無特殊徵兆
2026-04-13,AAPL,蘋果,257.02,50.57,📉 量縮,🔄 盤整,無資料,✅ 持股觀望,⚠️【大變盤預警】通道極度壓縮！
2026-04-13,NVDA,輝達,188.35,60.92,📉 量縮,🔥 多頭,無資料,✅ 持股觀望,無特殊徵兆
2026-04-13,MU,美光,414.85,55.65,📉 量縮,🔥 多頭,無資料,✅ 持股觀望,無特殊徵兆
2026-04-13,2408.TW,南亞科,225.50,48.77,➖ 量平,🔄 盤整,➖ 中性/偏空,✅ 持股觀望,無特殊徵兆
2026-04-13,3260.TWO,威剛,365.50,50.48,➖ 量平,🧊 空頭,無資料,✅ 持股觀望,無特殊徵兆
2026-04-13,8299.TWO,群聯,1720.00,49.81,➖ 量平,🔄 盤整,無資料,✅ 持股觀望,無特殊徵兆
2026-04-13,2027.TW,大成鋼,38.30,57.69,📉 量縮,🔥 多頭,➖ 中性/偏空,✅ 持股觀望,⚠️【大變盤預警】通道極度壓縮！
2026-04-13,2382.TW,廣達,319.00,68.11,📉 量縮,🔥 多頭,➖ 中性/偏空,✅ 持股觀望,無特殊徵兆
2026-04-13,2886.TW,兆豐金,39.30,50.20,➖ 量平,🔄 盤整,➖ 中性/偏空,✅ 持股觀望,⚠️【大變盤預警】通道極度壓縮！
2026-04-13,2409.TW,友達,18.00,62.38,📉 量縮,🔥 多頭,➖ 中性/偏空,✅ 持股觀望,無特殊徵兆
2026-04-13,2352.TW,佳世達,24.05,50.72,📉 量縮,🔥 多頭,➖ 中性/偏空,✅ 持股觀望,無特殊徵兆
2026-04-13,2317.TW,鴻海,200.00,45.30,📉 量縮,🔄 盤整,➖ 中性/偏空,💼 已列入持股防禦區 | 📍 防線: 189.6,無特殊徵兆
2026-04-13,6116.TW,彩晶,8.52,50.19,📉 量縮,🔄 盤整,➖ 中性/偏空,💼 已列入持股防禦區 | 📍 防線: 7.8,無特殊徵兆
2026-04-13,8431.TWO,匯鑽科,64.90,51.17,📉 量縮,🔄 盤整,無資料,💼 已列入持股防禦區 | 📍 防線: 58.3,無特殊徵兆
2026-04-13,3231.TW,緯創,134.50,57.10,➖ 量平,🔥 多頭,➖ 中性/偏空,💼 已列入持股防禦區 | 📍 防線: 128.2,無特殊徵兆
2026-04-14,3037.TW,欣興 (ABF載板),638.00,68.35,📉 量縮,🔥 多頭,➖ 中性/偏空,✅ 持股觀望,無特殊徵兆
2026-04-14,3163.TWO,波若威,1260.00,74.92,📉 量縮,🔥 多頭,無資料,✅ 持股觀望,無特殊徵兆
2026-04-14,5388.TW,中磊,84.10,63.43,➖ 量平,🔥 多頭,➖ 中性/偏空,✅ 持股觀望,無特殊徵兆
2026-04-14,3714.TW,富采,52.00,58.09,📈 出量,🔄 盤整,➖ 中性/偏空,✅ 持股觀望,無特殊徵兆
2026-04-14,2337.TW,旺宏,146.00,60.33,📈 出量,🔥 多頭,➖ 中性/偏空,✅ 持股觀望,無特殊徵兆
2026-04-14,2330.TW,台積電,2000.00,63.99,➖ 量平,🔥 多頭,➖ 中性/偏空,✅ 持股觀望,無特殊徵兆
2026-04-14,0050.TW,元大台灣50,80.60,62.42,📉 量縮,🔥 多頭,➖ 中性/偏空,✅ 持股觀望,無特殊徵兆
2026-04-14,AAPL,蘋果,256.95,50.48,📉 量縮,🔄 盤整,無資料,✅ 持股觀望,⚠️【大變盤預警】通道極度壓縮！
2026-04-14,NVDA,輝達,187.97,60.36,📉 量縮,🔥 多頭,無資料,✅ 持股觀望,無特殊徵兆
2026-04-14,MU,美光,410.98,54.55,📉 量縮,🔥 多頭,無資料,✅ 持股觀望,無特殊徵兆
2026-04-14,2408.TW,南亞科,215.00,45.43,➖ 量平,🔄 盤整,➖ 中性/偏空,✅ 持股觀望,無特殊徵兆
2026-04-14,3260.TWO,威剛,372.00,51.67,➖ 量平,🔄 盤整,無資料,✅ 持股觀望,無特殊徵兆
2026-04-14,8299.TWO,群聯,1660.00,47.05,➖ 量平,🔄 盤整,無資料,✅ 持股觀望,無特殊徵兆
2026-04-14,2027.TW,大成鋼,37.75,53.49,➖ 量平,🔄 盤整,➖ 中性/偏空,✅ 持股觀望,⚠️【大變盤預警】通道極度壓縮！
2026-04-14,2382.TW,廣達,321.50,70.41,📈 出量,🔥 多頭,➖ 中性/偏空,✅ 持股觀望,🚀【無壓巡航】突破 20 日高！
2026-04-14,2886.TW,兆豐金,39.85,58.57,➖ 量平,🔥 多頭,➖ 中性/偏空,✅ 持股觀望,⚠️【大變盤預警】通道極度壓縮！
2026-04-14,2409.TW,友達,18.15,63.54,📈 出量,🔥 多頭,➖ 中性/偏空,✅ 持股觀望,無特殊徵兆
2026-04-14,2352.TW,佳世達,24.05,50.72,➖ 量平,🔄 盤整,➖ 中性/偏空,✅ 持股觀望,無特殊徵兆
2026-04-14,2317.TW,鴻海,200.50,45.72,➖ 量平,🔄 盤整,➖ 中性/偏空,💼 已列入持股防禦區 | 📍 防線: 189.6,無特殊徵兆
2026-04-14,6116.TW,彩晶,8.51,50.03,➖ 量平,🔄 盤整,➖ 中性/偏空,💼 已列入持股防禦區 | 📍 防線: 7.8,無特殊徵兆
2026-04-14,8431.TWO,匯鑽科,67.00,54.24,📈 出量,🔄 盤整,無資料,💼 已列入持股防禦區 | 📍 防線: 58.3,無特殊徵兆
2026-04-14,3231.TW,緯創,135.00,57.96,📈 出量,🔥 多頭,➖ 中性/偏空,💼 已列入持股防禦區 | 📍 防線: 128.2,無特殊徵兆
2026-04-14,3037.TW,欣興 (ABF載板),594.00,60.38,📉 量縮,🔄 盤整,➖ 中性/偏空,✅ 持股觀望,無特殊徵兆
2026-04-14,3163.TWO,波若威,1185.00,67.94,📉 量縮,🔄 盤整,無資料,✅ 持股觀望,無特殊徵兆
2026-04-14,5388.TW,中磊,81.60,56.96,📉 量縮,🔄 盤整,➖ 中性/偏空,✅ 持股觀望,無特殊徵兆
2026-04-14,3714.TW,富采,62.90,69.18,📉 量縮,🔥 多頭,➖ 中性/偏空,✅ 持股觀望,無特殊徵兆
2026-04-14,2337.TW,旺宏,159.00,65.18,📈 出量,🔥 多頭,➖ 中性/偏空,✅ 持股觀望,無特殊徵兆
2026-04-14,2330.TW,台積電,2045.00,66.62,➖ 量平,🔥 多頭,➖ 中性/偏空,✅ 持股觀望,無特殊徵兆
2026-04-14,0050.TW,元大台灣50,83.05,67.11,➖ 量平,🔥 多頭,➖ 中性/偏空,✅ 持股觀望,無特殊徵兆
2026-04-14,AAPL,蘋果,259.20,53.66,➖ 量平,🔥 多頭,無資料,✅ 持股觀望,⚠️【大變盤預警】通道極度壓縮！
2026-04-14,NVDA,輝達,189.31,62.00,➖ 量平,🔥 多頭,無資料,✅ 持股觀望,無特殊徵兆
2026-04-14,MU,美光,426.56,58.70,➖ 量平,🔥 多頭,無資料,✅ 持股觀望,無特殊徵兆
2026-04-14,2408.TW,南亞科,225.00,48.62,📈 出量,🔄 盤整,➖ 中性/偏空,✅ 持股觀望,無特殊徵兆
2026-04-14,3260.TWO,威剛,379.00,52.89,➖ 量平,🔄 盤整,無資料,✅ 持股觀望,無特殊徵兆
2026-04-14,8299.TWO,群聯,1775.00,52.28,➖ 量平,🔄 盤整,無資料,✅ 持股觀望,無特殊徵兆
2026-04-14,2027.TW,大成鋼,38.35,58.06,📉 量縮,🔥 多頭,➖ 中性/偏空,✅ 持股觀望,⚠️【大變盤預警】通道極度壓縮！
2026-04-14,2382.TW,廣達,324.50,70.40,📉 量縮,🔥 多頭,➖ 中性/偏空,✅ 持股觀望,無特殊徵兆
2026-04-14,2886.TW,兆豐金,39.30,50.20,📉 量縮,🔄 盤整,➖ 中性/偏空,✅ 持股觀望,⚠️【大變盤預警】通道極度壓縮！
2026-04-14,2409.TW,友達,19.15,67.32,📉 量縮,🔥 多頭,➖ 中性/偏空,✅ 持股觀望,無特殊徵兆
2026-04-14,2352.TW,佳世達,24.25,52.94,📉 量縮,🔥 多頭,➖ 中性/偏空,✅ 持股觀望,無特殊徵兆
2026-04-14,2317.TW,鴻海,206.50,51.60,➖ 量平,🔥 多頭,➖ 中性/偏空,💼 已列入持股防禦區 | 📍 防線: 194.7,無特殊徵兆
2026-04-14,6116.TW,彩晶,8.74,53.86,📉 量縮,🔥 多頭,➖ 中性/偏空,💼 已列入持股防禦區 | 📍 防線: 8.0,無特殊徵兆
2026-04-14,8431.TWO,匯鑽科,67.30,54.35,➖ 量平,🔥 多頭,無資料,💼 已列入持股防禦區 | 📍 防線: 58.7,無特殊徵兆
2026-04-14,3231.TW,緯創,136.50,59.67,➖ 量平,🔥 多頭,➖ 中性/偏空,💼 已列入持股防禦區 | 📍 防線: 129.3,無特殊徵兆
2026-04-14,3037.TW,欣興 (ABF載板),598.00,61.04,📉 量縮,🔄 盤整,➖ 中性/偏空,✅ 持股觀望,無特殊徵兆
2026-04-14,5388.TW,中磊,81.70,57.18,📉 量縮,🔄 盤整,➖ 中性/偏空,✅ 持股觀望,無特殊徵兆
2026-04-14,3714.TW,富采,62.90,69.18,📉 量縮,🔥 多頭,➖ 中性/偏空,✅ 持股觀望,無特殊徵兆
2026-04-14,2337.TW,旺宏,157.00,64.50,📈 出量,🔥 多頭,➖ 中性/偏空,✅ 持股觀望,無特殊徵兆
2026-04-14,2330.TW,台積電,2050.00,66.94,➖ 量平,🔥 多頭,➖ 中性/偏空,✅ 持股觀望,無特殊徵兆
2026-04-14,0050.TW,元大台灣50,83.20,67.36,➖ 量平,🔥 多頭,➖ 中性/偏空,✅ 持股觀望,無特殊徵兆
2026-04-14,AAPL,蘋果,259.20,53.66,➖ 量平,🔥 多頭,無資料,✅ 持股觀望,⚠️【大變盤預警】通道極度壓縮！
2026-04-14,NVDA,輝達,189.31,62.00,➖ 量平,🔥 多頭,無資料,💼 已列入持股防禦區 | 📍 防線: 179.2,無特殊徵兆
2026-04-14,2408.TW,南亞科,223.00,48.02,📈 出量,🔄 盤整,➖ 中性/偏空,✅ 持股觀望,無特殊徵兆
2026-04-14,2382.TW,廣達,323.50,70.01,📉 量縮,🔥 多頭,➖ 中性/偏空,✅ 持股觀望,無特殊徵兆
2026-04-14,2886.TW,兆豐金,39.25,49.51,📉 量縮,🔄 盤整,➖ 中性/偏空,✅ 持股觀望,⚠️【大變盤預警】通道極度壓縮！
2026-04-14,2027.TW,大成鋼,38.40,58.43,➖ 量平,🔥 多頭,➖ 中性/偏空,✅ 持股觀望,⚠️【大變盤預警】通道極度壓縮！
2026-04-14,2409.TW,友達,19.80,69.58,➖ 量平,🔥 多頭,➖ 中性/偏空,✅ 持股觀望,無特殊徵兆
2026-04-14,2352.TW,佳世達,24.25,52.94,📉 量縮,🔥 多頭,➖ 中性/偏空,✅ 持股觀望,無特殊徵兆
2026-04-14,2317.TW,鴻海,207.50,52.44,➖ 量平,🔥 多頭,➖ 中性/偏空,💼 已列入持股防禦區 | 📍 防線: 195.2,無特殊徵兆
2026-04-14,6116.TW,彩晶,8.89,56.07,➖ 量平,🔥 多頭,➖ 中性/偏空,💼 已列入持股防禦區 | 📍 防線: 8.1,無特殊徵兆
2026-04-14,8431.TWO,匯鑽科,67.40,54.47,📈 出量,🔥 多頭,無資料,💼 已列入持股防禦區 | 📍 防線: 58.8,無特殊徵兆
2026-04-14,3231.TW,緯創,136.50,59.67,➖ 量平,🔥 多頭,➖ 中性/偏空,💼 已列入持股防禦區 | 📍 防線: 129.3,無特殊徵兆
2026-04-14,3037.TW,欣興 (ABF載板),597.00,60.88,📉 量縮,🔄 盤整,➖ 中性/偏空,✅ 持股觀望,無特殊徵兆
2026-04-14,5388.TW,中磊,81.70,57.18,📉 量縮,🔄 盤整,➖ 中性/偏空,✅ 持股觀望,無特殊徵兆
2026-04-14,3714.TW,富采,62.90,69.18,📉 量縮,🔥 多頭,➖ 中性/偏空,✅ 持股觀望,無特殊徵兆
2026-04-14,2337.TW,旺宏,155.50,63.98,📈 出量,🔥 多頭,➖ 中性/偏空,✅ 持股觀望,無特殊徵兆
2026-04-14,2330.TW,台積電,2055.00,67.25,📈 出量,🔥 多頭,➖ 中性/偏空,✅ 持股觀望,🚀【無壓巡航】突破 20 日高！
2026-04-14,0050.TW,元大台灣50,83.10,67.19,➖ 量平,🔥 多頭,➖ 中性/偏空,✅ 持股觀望,無特殊徵兆
2026-04-14,AAPL,蘋果,259.20,53.66,➖ 量平,🔥 多頭,無資料,✅ 持股觀望,⚠️【大變盤預警】通道極度壓縮！
2026-04-14,NVDA,輝達,189.31,62.00,➖ 量平,🔥 多頭,無資料,💼 已列入持股防禦區 | 📍 防線: 179.2,無特殊徵兆
2026-04-14,2408.TW,南亞科,220.00,47.14,📈 出量,🔄 盤整,➖ 中性/偏空,✅ 持股觀望,無特殊徵兆
2026-04-14,2382.TW,廣達,323.00,69.81,📉 量縮,🔥 多頭,➖ 中性/偏空,✅ 持股觀望,無特殊徵兆
2026-04-14,2886.TW,兆豐金,39.35,50.89,📉 量縮,🔄 盤整,➖ 中性/偏空,✅ 持股觀望,⚠️【大變盤預警】通道極度壓縮！
2026-04-14,2027.TW,大成鋼,38.45,58.78,➖ 量平,🔥 多頭,➖ 中性/偏空,✅ 持股觀望,無特殊徵兆
2026-04-14,2409.TW,友達,19.80,69.58,➖ 量平,🔥 多頭,➖ 中性/偏空,✅ 持股觀望,無特殊徵兆
2026-04-14,2352.TW,佳世達,24.20,52.40,➖ 量平,🔥 多頭,➖ 中性/偏空,✅ 持股觀望,無特殊徵兆
2026-04-14,2317.TW,鴻海,207.50,52.44,➖ 量平,🔥 多頭,➖ 中性/偏空,💼 已列入持股防禦區 | 📍 防線: 195.2,無特殊徵兆
2026-04-14,6116.TW,彩晶,8.86,55.64,➖ 量平,🔥 多頭,➖ 中性/偏空,💼 已列入持股防禦區 | 📍 防線: 8.1,無特殊徵兆
2026-04-14,8431.TWO,匯鑽科,67.40,54.47,📈 出量,🔥 多頭,無資料,💼 已列入持股防禦區 | 📍 防線: 58.8,無特殊徵兆
2026-04-14,3231.TW,緯創,136.50,59.67,➖ 量平,🔥 多頭,➖ 中性/偏空,💼 已列入持股防禦區 | 📍 防線: 129.3,無特殊徵兆
2026-04-14,3037.TW,欣興 (ABF載板),597.00,60.88,📉 量縮,🔄 盤整,➖ 中性/偏空,✅ 持股觀望,無特殊徵兆
2026-04-14,5388.TW,中磊,81.70,57.18,📉 量縮,🔄 盤整,➖ 中性/偏空,✅ 持股觀望,無特殊徵兆
2026-04-14,3714.TW,富采,62.90,69.18,📉 量縮,🔥 多頭,➖ 中性/偏空,✅ 持股觀望,無特殊徵兆
2026-04-14,2337.TW,旺宏,155.50,63.98,📈 出量,🔥 多頭,➖ 中性/偏空,✅ 持股觀望,無特殊徵兆
2026-04-14,2330.TW,台積電,2055.00,67.25,📈 出量,🔥 多頭,➖ 中性/偏空,✅ 持股觀望,🚀【無壓巡航】突破 20 日高！
2026-04-14,0050.TW,元大台灣50,83.10,67.19,➖ 量平,🔥 多頭,➖ 中性/偏空,✅ 持股觀望,無特殊徵兆
2026-04-14,AAPL,蘋果,259.20,53.66,➖ 量平,🔥 多頭,無資料,✅ 持股觀望,⚠️【大變盤預警】通道極度壓縮！
2026-04-14,NVDA,輝達,189.31,62.00,➖ 量平,🔥 多頭,無資料,💼 已列入持股防禦區 | 📍 防線: 179.2,無特殊徵兆
2026-04-14,2408.TW,南亞科,220.00,47.14,📈 出量,🔄 盤整,➖ 中性/偏空,✅ 持股觀望,無特殊徵兆
2026-04-14,2382.TW,廣達,323.00,69.81,📉 量縮,🔥 多頭,➖ 中性/偏空,✅ 持股觀望,無特殊徵兆
2026-04-14,2886.TW,兆豐金,39.35,50.89,📉 量縮,🔄 盤整,➖ 中性/偏空,✅ 持股觀望,⚠️【大變盤預警】通道極度壓縮！
2026-04-14,2027.TW,大成鋼,38.45,58.78,➖ 量平,🔥 多頭,➖ 中性/偏空,✅ 持股觀望,無特殊徵兆
2026-04-14,2409.TW,友達,19.80,69.58,➖ 量平,🔥 多頭,➖ 中性/偏空,✅ 持股觀望,無特殊徵兆
2026-04-14,2352.TW,佳世達,24.20,52.40,➖ 量平,🔥 多頭,➖ 中性/偏空,✅ 持股觀望,無特殊徵兆
2026-04-14,2317.TW,鴻海,207.50,52.44,➖ 量平,🔥 多頭,➖ 中性/偏空,💼 已列入持股防禦區 | 📍 防線: 195.2,無特殊徵兆
2026-04-14,6116.TW,彩晶,8.86,55.64,➖ 量平,🔥 多頭,➖ 中性/偏空,💼 已列入持股防禦區 | 📍 防線: 8.1,無特殊徵兆
2026-04-14,8431.TWO,匯鑽科,67.40,54.47,📈 出量,🔥 多頭,無資料,💼 已列入持股防禦區 | 📍 防線: 58.8,無特殊徵兆
2026-04-14,3231.TW,緯創,136.50,59.67,➖ 量平,🔥 多頭,➖ 中性/偏空,💼 已列入持股防禦區 | 📍 防線: 129.3,無特殊徵兆
2026-04-14,3037.TW,欣興 (ABF載板),597.00,60.88,📉 量縮,🔄 盤整,➖ 中性/偏空,✅ 持股觀望,無特殊徵兆
2026-04-14,5388.TW,中磊,81.70,57.18,📉 量縮,🔄 盤整,➖ 中性/偏空,✅ 持股觀望,無特殊徵兆
2026-04-14,3714.TW,富采,62.90,69.18,📉 量縮,🔥 多頭,➖ 中性/偏空,✅ 持股觀望,無特殊徵兆
2026-04-14,2337.TW,旺宏,155.50,63.98,📈 出量,🔥 多頭,➖ 中性/偏空,✅ 持股觀望,無特殊徵兆
2026-04-14,2330.TW,台積電,2055.00,67.25,📈 出量,🔥 多頭,➖ 中性/偏空,✅ 持股觀望,🚀【無壓巡航】突破 20 日高！
2026-04-14,0050.TW,元大台灣50,83.10,67.19,➖ 量平,🔥 多頭,➖ 中性/偏空,✅ 持股觀望,無特殊徵兆
2026-04-14,AAPL,蘋果,259.20,53.66,➖ 量平,🔥 多頭,無資料,✅ 持股觀望,⚠️【大變盤預警】通道極度壓縮！
2026-04-14,NVDA,輝達,189.31,62.00,➖ 量平,🔥 多頭,無資料,💼 已列入持股防禦區 | 📍 防線: 179.2,無特殊徵兆
2026-04-14,2408.TW,南亞科,220.00,47.14,📈 出量,🔄 盤整,➖ 中性/偏空,✅ 持股觀望,無特殊徵兆
2026-04-14,2382.TW,廣達,323.00,69.81,📉 量縮,🔥 多頭,➖ 中性/偏空,✅ 持股觀望,無特殊徵兆
2026-04-14,2886.TW,兆豐金,39.35,50.89,📉 量縮,🔄 盤整,➖ 中性/偏空,✅ 持股觀望,⚠️【大變盤預警】通道極度壓縮！
2026-04-14,2027.TW,大成鋼,38.45,58.78,➖ 量平,🔥 多頭,➖ 中性/偏空,✅ 持股觀望,無特殊徵兆
2026-04-14,2409.TW,友達,19.80,69.58,➖ 量平,🔥 多頭,➖ 中性/偏空,✅ 持股觀望,無特殊徵兆
2026-04-14,2352.TW,佳世達,24.20,52.40,➖ 量平,🔥 多頭,➖ 中性/偏空,✅ 持股觀望,無特殊徵兆
2026-04-14,2317.TW,鴻海,207.50,52.44,➖ 量平,🔥 多頭,➖ 中性/偏空,💼 已列入持股防禦區 | 📍 防線: 195.2,無特殊徵兆
2026-04-14,6116.TW,彩晶,8.86,55.64,➖ 量平,🔥 多頭,➖ 中性/偏空,💼 已列入持股防禦區 | 📍 防線: 8.1,無特殊徵兆
2026-04-14,8431.TWO,匯鑽科,67.40,54.47,📈 出量,🔥 多頭,無資料,💼 已列入持股防禦區 | 📍 防線: 58.8,無特殊徵兆
2026-04-14,3231.TW,緯創,136.50,59.67,➖ 量平,🔥 多頭,➖ 中性/偏空,💼 已列入持股防禦區 | 📍 防線: 129.3,無特殊徵兆
2026-04-15,3037.TW,欣興 (ABF載板),626.00,66.10,📈 出量,🔥 多頭,➖ 中性/偏空,✅ 持股觀望,無特殊徵兆
2026-04-15,5388.TW,中磊,84.30,63.73,📉 量縮,🔥 多頭,➖ 中性/偏空,✅ 持股觀望,無特殊徵兆
2026-04-15,3714.TW,富采,57.20,64.03,➖ 量平,🔥 多頭,➖ 中性/偏空,✅ 持股觀望,無特殊徵兆
2026-04-15,2337.TW,旺宏,147.50,60.92,➖ 量平,🔥 多頭,➖ 中性/偏空,✅ 持股觀望,無特殊徵兆
2026-04-15,2330.TW,台積電,1990.00,62.74,➖ 量平,🔥 多頭,➖ 中性/偏空,✅ 持股觀望,無特殊徵兆
2026-04-15,0050.TW,元大台灣50,80.60,62.42,📉 量縮,🔥 多頭,➖ 中性/偏空,✅ 持股觀望,無特殊徵兆
2026-04-15,AAPL,蘋果,257.38,50.87,📉 量縮,🔄 盤整,無資料,✅ 持股觀望,⚠️【大變盤預警】通道極度壓縮！
2026-04-15,NVDA,輝達,194.54,66.61,📉 量縮,🔥 多頭,無資料,💼 已列入持股防禦區 | 📍 防線: 184.0,無特殊徵兆
2026-04-15,2408.TW,南亞科,225.50,48.77,➖ 量平,🔄 盤整,➖ 中性/偏空,✅ 持股觀望,無特殊徵兆
2026-04-15,2382.TW,廣達,319.00,68.11,📉 量縮,🔥 多頭,➖ 中性/偏空,✅ 持股觀望,無特殊徵兆
2026-04-15,2886.TW,兆豐金,39.30,50.20,➖ 量平,🔄 盤整,➖ 中性/偏空,✅ 持股觀望,⚠️【大變盤預警】通道極度壓縮！
2026-04-15,2027.TW,大成鋼,38.30,57.69,📉 量縮,🔥 多頭,➖ 中性/偏空,✅ 持股觀望,⚠️【大變盤預警】通道極度壓縮！
2026-04-15,2409.TW,友達,18.00,62.38,📉 量縮,🔥 多頭,➖ 中性/偏空,✅ 持股觀望,無特殊徵兆
2026-04-15,2352.TW,佳世達,24.05,50.72,📉 量縮,🔥 多頭,➖ 中性/偏空,✅ 持股觀望,無特殊徵兆
2026-04-15,2317.TW,鴻海,200.00,45.30,📉 量縮,🔄 盤整,➖ 中性/偏空,💼 已列入持股防禦區 | 📍 防線: 195.2,無特殊徵兆
2026-04-15,6116.TW,彩晶,8.52,50.19,📉 量縮,🔄 盤整,➖ 中性/偏空,💼 已列入持股防禦區 | 📍 防線: 8.1,無特殊徵兆
2026-04-15,8431.TWO,匯鑽科,64.90,51.17,📉 量縮,🔄 盤整,無資料,💼 已列入持股防禦區 | 📍 防線: 58.8,無特殊徵兆
2026-04-15,3231.TW,緯創,134.50,57.10,➖ 量平,🔥 多頭,➖ 中性/偏空,💼 已列入持股防禦區 | 📍 防線: 129.3,無特殊徵兆
2026-04-15,3037.TW,欣興 (ABF載板),600.00,61.22,📉 量縮,🔄 盤整,➖ 中性/偏空,✅ 持股觀望,無特殊徵兆
2026-04-15,5388.TW,中磊,82.60,58.76,📉 量縮,🔄 盤整,➖ 中性/偏空,✅ 持股觀望,無特殊徵兆
2026-04-15,3714.TW,富采,69.10,73.61,📉 量縮,🔥 多頭,➖ 中性/偏空,✅ 持股觀望,無特殊徵兆
2026-04-15,2337.TW,旺宏,159.50,65.44,📉 量縮,🔥 多頭,➖ 中性/偏空,✅ 持股觀望,無特殊徵兆
2026-04-15,2330.TW,台積電,2080.00,68.81,📉 量縮,🔥 多頭,➖ 中性/偏空,✅ 持股觀望,無特殊徵兆
2026-04-15,0050.TW,元大台灣50,84.50,69.37,📉 量縮,🔥 多頭,➖ 中性/偏空,✅ 持股觀望,無特殊徵兆
2026-04-15,AAPL,蘋果,258.83,53.07,➖ 量平,🔄 盤整,無資料,✅ 持股觀望,⚠️【大變盤預警】通道極度壓縮！
2026-04-15,NVDA,輝達,196.51,68.07,➖ 量平,🔥 多頭,無資料,💼 已列入持股防禦區 | 📍 防線: 185.7,無特殊徵兆
2026-04-15,2408.TW,南亞科,225.00,48.81,📉 量縮,🔄 盤整,➖ 中性/偏空,✅ 持股觀望,無特殊徵兆
2026-04-15,2382.TW,廣達,319.50,66.46,📉 量縮,🔥 多頭,➖ 中性/偏空,✅ 持股觀望,無特殊徵兆
2026-04-15,2886.TW,兆豐金,39.35,50.89,📉 量縮,🔄 盤整,➖ 中性/偏空,✅ 持股觀望,⚠️【大變盤預警】通道極度壓縮！
2026-04-15,2027.TW,大成鋼,38.10,55.20,📉 量縮,🔄 盤整,➖ 中性/偏空,✅ 持股觀望,⚠️【大變盤預警】通道極度壓縮！
2026-04-15,2409.TW,友達,20.00,70.26,📉 量縮,🔥 多頭,➖ 中性/偏空,✅ 持股觀望,無特殊徵兆
2026-04-15,2352.TW,佳世達,24.50,55.67,📉 量縮,🔥 多頭,➖ 中性/偏空,✅ 持股觀望,無特殊徵兆
2026-04-15,2317.TW,鴻海,209.50,54.16,📉 量縮,🔥 多頭,➖ 中性/偏空,💼 已列入持股防禦區 | 📍 防線: 197.4,無特殊徵兆
2026-04-15,6116.TW,彩晶,8.91,56.40,📉 量縮,🔥 多頭,➖ 中性/偏空,💼 已列入持股防禦區 | 📍 防線: 8.2,無特殊徵兆
2026-04-15,8431.TWO,匯鑽科,67.50,54.61,📉 量縮,🔥 多頭,無資料,💼 已列入持股防禦區 | 📍 防線: 59.3,無特殊徵兆
2026-04-15,3231.TW,緯創,137.00,60.31,📉 量縮,🔥 多頭,➖ 中性/偏空,💼 已列入持股防禦區 | 📍 防線: 129.8,無特殊徵兆
2026-04-15,1326.TW,雷達選股 (進場價約 50.0),51.60,61.95,📉 量縮,🔥 多頭,➖ 中性/偏空,✅ 持股觀望,無特殊徵兆
2026-04-15,3037.TW,欣興 (ABF載板),617.00,63.04,📉 量縮,🔄 盤整,➖ 中性/偏空,✅ 持股觀望,無特殊徵兆
2026-04-15,5388.TW,中磊,82.30,58.25,📉 量縮,🔄 盤整,➖ 中性/偏空,✅ 持股觀望,無特殊徵兆
2026-04-15,1326.TW,台化,51.00,60.52,➖ 量平,🔥 多頭,➖ 中性/偏空,✅ 持股觀望,無特殊徵兆
2026-04-15,2337.TW,旺宏,144.50,57.32,➖ 量平,🔄 盤整,➖ 中性/偏空,✅ 持股觀望,無特殊徵兆
2026-04-15,2330.TW,台積電,2095.00,69.68,📉 量縮,🔥 多頭,➖ 中性/偏空,✅ 持股觀望,無特殊徵兆
2026-04-15,0050.TW,元大台灣50,84.75,69.73,📉 量縮,🔥 多頭,➖ 中性/偏空,✅ 持股觀望,無特殊徵兆
2026-04-15,AAPL,蘋果,258.83,53.07,📈 出量,🔄 盤整,無資料,✅ 持股觀望,⚠️【大變盤預警】通道極度壓縮！
2026-04-15,NVDA,輝達,196.51,68.07,➖ 量平,🔥 多頭,無資料,💼 已列入持股防禦區 | 📍 防線: 185.7,無特殊徵兆
2026-04-15,2408.TW,南亞科,217.50,46.38,📉 量縮,🔄 盤整,➖ 中性/偏空,✅ 持股觀望,無特殊徵兆
2026-04-15,2382.TW,廣達,312.50,60.65,📉 量縮,🔄 盤整,➖ 中性/偏空,✅ 持股觀望,無特殊徵兆
2026-04-15,2886.TW,兆豐金,39.55,53.64,📉 量縮,🔄 盤整,➖ 中性/偏空,✅ 持股觀望,⚠️【大變盤預警】通道極度壓縮！
2026-04-15,2027.TW,大成鋼,37.75,52.03,📉 量縮,🔄 盤整,➖ 中性/偏空,✅ 持股觀望,⚠️【大變盤預警】通道極度壓縮！
2026-04-15,2409.TW,友達,20.55,71.98,➖ 量平,🔥 多頭,➖ 中性/偏空,✅ 持股觀望,無特殊徵兆
2026-04-15,2352.TW,佳世達,24.75,58.07,📈 出量,🔥 多頭,➖ 中性/偏空,✅ 持股觀望,無特殊徵兆
2026-04-15,2317.TW,鴻海,210.50,54.97,➖ 量平,🔥 多頭,➖ 中性/偏空,💼 已列入持股防禦區 | 📍 防線: 197.9,無特殊徵兆
2026-04-15,6116.TW,彩晶,9.00,57.69,📉 量縮,🔥 多頭,➖ 中性/偏空,💼 已列入持股防禦區 | 📍 防線: 8.3,無特殊徵兆
2026-04-15,8431.TWO,匯鑽科,66.30,52.78,📉 量縮,🔄 盤整,無資料,💼 已列入持股防禦區 | 📍 防線: 59.3,無特殊徵兆
2026-04-15,3231.TW,緯創,134.50,56.06,📉 量縮,🔄 盤整,➖ 中性/偏空,💼 已列入持股防禦區 | 📍 防線: 129.8,無特殊徵兆
2026-04-15,1326.TW,雷達選股 (進場價約 50.0),51.00,60.52,➖ 量平,🔥 多頭,➖ 中性/偏空,✅ 持股觀望,無特殊徵兆
2026-04-15,3037.TW,欣興 (ABF載板),618.00,63.15,📉 量縮,🔄 盤整,➖ 中性/偏空,✅ 持股觀望,無特殊徵兆
2026-04-15,5388.TW,中磊,82.50,58.59,📉 量縮,🔄 盤整,➖ 中性/偏空,✅ 持股觀望,無特殊徵兆
2026-04-15,1326.TW,台化,50.40,59.16,📈 出量,🔥 多頭,➖ 中性/偏空,✅ 持股觀望,無特殊徵兆
2026-04-15,2337.TW,旺宏,142.00,56.00,📈 出量,🔄 盤整,➖ 中性/偏空,✅ 持股觀望,無特殊徵兆
2026-04-15,2330.TW,台積電,2080.00,68.81,📈 出量,🔥 多頭,➖ 中性/偏空,✅ 持股觀望,🚀【無壓巡航】突破 20 日高！
2026-04-15,0050.TW,元大台灣50,84.15,68.98,➖ 量平,🔥 多頭,➖ 中性/偏空,✅ 持股觀望,無特殊徵兆
2026-04-15,AAPL,蘋果,258.83,53.07,📈 出量,🔄 盤整,無資料,✅ 持股觀望,⚠️【大變盤預警】通道極度壓縮！
2026-04-15,NVDA,輝達,196.51,68.07,➖ 量平,🔥 多頭,無資料,💼 已列入持股防禦區 | 📍 防線: 185.7,無特殊徵兆
2026-04-15,2408.TW,南亞科,211.50,44.66,➖ 量平,🧊 空頭,➖ 中性/偏空,✅ 持股觀望,無特殊徵兆
2026-04-15,2382.TW,廣達,308.50,57.77,➖ 量平,🔄 盤整,➖ 中性/偏空,✅ 持股觀望,無特殊徵兆
2026-04-15,2886.TW,兆豐金,39.50,52.98,➖ 量平,🔄 盤整,➖ 中性/偏空,✅ 持股觀望,⚠️【大變盤預警】通道極度壓縮！
2026-04-15,2027.TW,大成鋼,37.45,49.59,➖ 量平,🔄 盤整,➖ 中性/偏空,✅ 持股觀望,⚠️【大變盤預警】通道極度壓縮！
2026-04-15,2409.TW,友達,20.05,70.42,➖ 量平,🔥 多頭,➖ 中性/偏空,✅ 持股觀望,無特殊徵兆
2026-04-15,2352.TW,佳世達,24.70,57.62,📈 出量,🔥 多頭,➖ 中性/偏空,✅ 持股觀望,無特殊徵兆
2026-04-15,2317.TW,鴻海,207.50,52.44,📈 出量,🔥 多頭,➖ 中性/偏空,💼 已列入持股防禦區 | 📍 防線: 197.9,無特殊徵兆
2026-04-15,6116.TW,彩晶,8.94,56.84,➖ 量平,🔥 多頭,➖ 中性/偏空,💼 已列入持股防禦區 | 📍 防線: 8.3,無特殊徵兆
2026-04-15,8431.TWO,匯鑽科,67.00,53.85,📉 量縮,🔥 多頭,無資料,💼 已列入持股防禦區 | 📍 防線: 59.3,無特殊徵兆
2026-04-15,3231.TW,緯創,133.00,53.62,➖ 量平,🔄 盤整,➖ 中性/偏空,💼 已列入持股防禦區 | 📍 防線: 129.8,無特殊徵兆
2026-04-15,1326.TW,雷達選股 (進場價約 50.0),50.40,59.16,📈 出量,🔥 多頭,➖ 中性/偏空,✅ 持股觀望,無特殊徵兆
2026-04-15,3037.TW,欣興 (ABF載板),618.00,63.15,📉 量縮,🔄 盤整,➖ 中性/偏空,✅ 持股觀望,無特殊徵兆
2026-04-15,5388.TW,中磊,82.50,58.59,📉 量縮,🔄 盤整,➖ 中性/偏空,✅ 持股觀望,無特殊徵兆
2026-04-15,1326.TW,台化,50.40,59.16,📈 出量,🔥 多頭,➖ 中性/偏空,✅ 持股觀望,無特殊徵兆
2026-04-15,2337.TW,旺宏,142.00,56.00,📈 出量,🔄 盤整,➖ 中性/偏空,✅ 持股觀望,無特殊徵兆
2026-04-15,2330.TW,台積電,2080.00,68.81,📈 出量,🔥 多頭,➖ 中性/偏空,✅ 持股觀望,🚀【無壓巡航】突破 20 日高！
2026-04-15,0050.TW,元大台灣50,84.15,68.98,➖ 量平,🔥 多頭,➖ 中性/偏空,✅ 持股觀望,無特殊徵兆
2026-04-15,AAPL,蘋果,258.83,53.07,📈 出量,🔄 盤整,無資料,✅ 持股觀望,⚠️【大變盤預警】通道極度壓縮！
2026-04-15,NVDA,輝達,196.51,68.07,➖ 量平,🔥 多頭,無資料,💼 已列入持股防禦區 | 📍 防線: 185.7,無特殊徵兆
2026-04-15,2408.TW,南亞科,211.50,44.66,➖ 量平,🧊 空頭,➖ 中性/偏空,✅ 持股觀望,無特殊徵兆
2026-04-15,2382.TW,廣達,308.50,57.77,➖ 量平,🔄 盤整,➖ 中性/偏空,✅ 持股觀望,無特殊徵兆
2026-04-15,2886.TW,兆豐金,39.50,52.98,➖ 量平,🔄 盤整,➖ 中性/偏空,✅ 持股觀望,⚠️【大變盤預警】通道極度壓縮！
2026-04-15,2027.TW,大成鋼,37.45,49.59,➖ 量平,🔄 盤整,➖ 中性/偏空,✅ 持股觀望,⚠️【大變盤預警】通道極度壓縮！
2026-04-15,2409.TW,友達,20.05,70.42,➖ 量平,🔥 多頭,➖ 中性/偏空,✅ 持股觀望,無特殊徵兆
2026-04-15,2352.TW,佳世達,24.70,57.62,📈 出量,🔥 多頭,➖ 中性/偏空,✅ 持股觀望,無特殊徵兆
2026-04-15,2317.TW,鴻海,207.50,52.44,📈 出量,🔥 多頭,➖ 中性/偏空,💼 已列入持股防禦區 | 📍 防線: 197.9,無特殊徵兆
2026-04-15,6116.TW,彩晶,8.94,56.84,➖ 量平,🔥 多頭,➖ 中性/偏空,💼 已列入持股防禦區 | 📍 防線: 8.3,無特殊徵兆
2026-04-15,8431.TWO,匯鑽科,67.00,53.85,📉 量縮,🔥 多頭,無資料,💼 已列入持股防禦區 | 📍 防線: 59.3,無特殊徵兆
2026-04-15,3231.TW,緯創,133.00,53.62,➖ 量平,🔄 盤整,➖ 中性/偏空,💼 已列入持股防禦區 | 📍 防線: 129.8,無特殊徵兆
2026-04-15,1326.TW,雷達選股 (進場價約 50.0),50.40,59.16,📈 出量,🔥 多頭,➖ 中性/偏空,✅ 持股觀望,無特殊徵兆
2026-04-15,3037.TW,欣興 (ABF載板),618.00,63.15,📉 量縮,🔄 盤整,➖ 中性/偏空,✅ 持股觀望,無特殊徵兆
2026-04-15,5388.TW,中磊,82.50,58.59,📉 量縮,🔄 盤整,➖ 中性/偏空,✅ 持股觀望,無特殊徵兆
2026-04-15,1326.TW,台化,50.40,59.16,📈 出量,🔥 多頭,➖ 中性/偏空,✅ 持股觀望,無特殊徵兆
2026-04-15,2337.TW,旺宏,142.00,56.00,📈 出量,🔄 盤整,➖ 中性/偏空,✅ 持股觀望,無特殊徵兆
2026-04-15,2330.TW,台積電,2080.00,68.81,📈 出量,🔥 多頭,➖ 中性/偏空,✅ 持股觀望,🚀【無壓巡航】突破 20 日高！
2026-04-15,0050.TW,元大台灣50,84.15,68.98,➖ 量平,🔥 多頭,➖ 中性/偏空,✅ 持股觀望,無特殊徵兆
2026-04-15,AAPL,蘋果,258.83,53.07,📈 出量,🔄 盤整,無資料,✅ 持股觀望,⚠️【大變盤預警】通道極度壓縮！
2026-04-15,NVDA,輝達,196.51,68.07,➖ 量平,🔥 多頭,無資料,💼 已列入持股防禦區 | 📍 防線: 185.7,無特殊徵兆
2026-04-15,2408.TW,南亞科,211.50,44.66,➖ 量平,🧊 空頭,➖ 中性/偏空,✅ 持股觀望,無特殊徵兆
2026-04-15,2382.TW,廣達,308.50,57.77,➖ 量平,🔄 盤整,➖ 中性/偏空,✅ 持股觀望,無特殊徵兆
2026-04-15,2886.TW,兆豐金,39.50,52.98,➖ 量平,🔄 盤整,➖ 中性/偏空,✅ 持股觀望,⚠️【大變盤預警】通道極度壓縮！
2026-04-15,2027.TW,大成鋼,37.45,49.59,➖ 量平,🔄 盤整,➖ 中性/偏空,✅ 持股觀望,⚠️【大變盤預警】通道極度壓縮！
2026-04-15,2409.TW,友達,20.05,70.42,➖ 量平,🔥 多頭,➖ 中性/偏空,✅ 持股觀望,無特殊徵兆
2026-04-15,2352.TW,佳世達,24.70,57.62,📈 出量,🔥 多頭,➖ 中性/偏空,✅ 持股觀望,無特殊徵兆
2026-04-15,2317.TW,鴻海,207.50,52.44,📈 出量,🔥 多頭,➖ 中性/偏空,💼 已列入持股防禦區 | 📍 防線: 197.9,無特殊徵兆
2026-04-15,6116.TW,彩晶,8.94,56.84,➖ 量平,🔥 多頭,➖ 中性/偏空,💼 已列入持股防禦區 | 📍 防線: 8.3,無特殊徵兆
2026-04-15,8431.TWO,匯鑽科,67.00,53.85,📉 量縮,🔥 多頭,無資料,💼 已列入持股防禦區 | 📍 防線: 59.3,無特殊徵兆
2026-04-15,3231.TW,緯創,133.00,53.62,➖ 量平,🔄 盤整,➖ 中性/偏空,💼 已列入持股防禦區 | 📍 防線: 129.8,無特殊徵兆
2026-04-16,3037.TW,欣興 (ABF載板),645.00,65.89,📉 量縮,🔥 多頭,➖ 中性/偏空,✅ 持股觀望,無特殊徵兆
2026-04-16,5388.TW,中磊,83.50,60.35,📉 量縮,🔥 多頭,➖ 中性/偏空,✅ 持股觀望,無特殊徵兆
2026-04-16,1326.TW,台化,52.10,61.78,📉 量縮,🔥 多頭,➖ 中性/偏空,✅ 持股觀望,無特殊徵兆
2026-04-16,2337.TW,旺宏,139.00,54.38,📉 量縮,🔄 盤整,➖ 中性/偏空,✅ 持股觀望,無特殊徵兆
2026-04-16,2330.TW,台積電,2085.00,69.13,➖ 量平,🔥 多頭,➖ 中性/偏空,✅ 持股觀望,無特殊徵兆
2026-04-16,0050.TW,元大台灣50,85.00,70.38,📉 量縮,🔥 多頭,➖ 中性/偏空,✅ 持股觀望,無特殊徵兆
2026-04-16,AAPL,蘋果,266.43,62.26,📈 出量,🔥 多頭,無資料,✅ 持股觀望,🚀【無壓巡航】突破 20 日高！
2026-04-16,NVDA,輝達,198.87,69.77,📈 出量,🔥 多頭,無資料,💼 已列入持股防禦區 | 📍 防線: 188.2,🚀【無壓巡航】突破 20 日高！
2026-04-16,2408.TW,南亞科,213.50,45.39,📉 量縮,🧊 空頭,➖ 中性/偏空,✅ 持股觀望,無特殊徵兆
2026-04-16,2382.TW,廣達,318.50,62.56,📉 量縮,🔥 多頭,➖ 中性/偏空,✅ 持股觀望,無特殊徵兆
2026-04-16,2886.TW,兆豐金,39.95,58.68,➖ 量平,🔥 多頭,➖ 中性/偏空,✅ 持股觀望,⚠️【大變盤預警】通道極度壓縮！
2026-04-16,2027.TW,大成鋼,37.30,48.37,📉 量縮,🔄 盤整,➖ 中性/偏空,✅ 持股觀望,⚠️【大變盤預警】通道極度壓縮！
2026-04-16,2409.TW,友達,20.70,72.56,➖ 量平,🔥 多頭,➖ 中性/偏空,✅ 持股觀望,無特殊徵兆
2026-04-16,2352.TW,佳世達,25.25,62.48,➖ 量平,🔥 多頭,➖ 中性/偏空,✅ 持股觀望,無特殊徵兆
2026-04-16,2317.TW,鴻海,207.00,51.92,➖ 量平,🔥 多頭,➖ 中性/偏空,💼 已列入持股防禦區 | 📍 防線: 197.9,無特殊徵兆
2026-04-16,6116.TW,彩晶,9.27,61.46,📈 出量,🔥 多頭,➖ 中性/偏空,💼 已列入持股防禦區 | 📍 防線: 8.5,🚀【無壓巡航】突破 20 日高！
2026-04-16,8431.TWO,匯鑽科,65.40,51.30,📉 量縮,🔄 盤整,無資料,💼 已列入持股防禦區 | 📍 防線: 59.3,無特殊徵兆
2026-04-16,3231.TW,緯創,134.00,55.03,➖ 量平,🔄 盤整,➖ 中性/偏空,💼 已列入持股防禦區 | 📍 防線: 129.8,無特殊徵兆
2026-04-16,3037.TW,欣興 (ABF載板),645.00,65.89,📉 量縮,🔥 多頭,➖ 中性/偏空,✅ 持股觀望,無特殊徵兆
2026-04-16,5388.TW,中磊,83.50,60.35,📉 量縮,🔥 多頭,➖ 中性/偏空,✅ 持股觀望,無特殊徵兆
2026-04-16,1326.TW,台化,52.10,61.78,📉 量縮,🔥 多頭,➖ 中性/偏空,✅ 持股觀望,無特殊徵兆
2026-04-16,2337.TW,旺宏,139.00,54.38,📉 量縮,🔄 盤整,➖ 中性/偏空,✅ 持股觀望,無特殊徵兆
2026-04-16,2330.TW,台積電,2085.00,69.13,➖ 量平,🔥 多頭,➖ 中性/偏空,✅ 持股觀望,無特殊徵兆
2026-04-16,0050.TW,元大台灣50,85.00,70.38,📉 量縮,🔥 多頭,➖ 中性/偏空,✅ 持股觀望,無特殊徵兆
2026-04-16,AAPL,蘋果,266.43,62.26,📈 出量,🔥 多頭,無資料,✅ 持股觀望,🚀【無壓巡航】突破 20 日高！
2026-04-16,NVDA,輝達,198.87,69.77,📈 出量,🔥 多頭,無資料,💼 已列入持股防禦區 | 📍 防線: 188.2,🚀【無壓巡航】突破 20 日高！
2026-04-16,2408.TW,南亞科,213.50,45.39,📉 量縮,🧊 空頭,➖ 中性/偏空,✅ 持股觀望,無特殊徵兆
2026-04-16,2382.TW,廣達,318.50,62.56,📉 量縮,🔥 多頭,➖ 中性/偏空,✅ 持股觀望,無特殊徵兆
2026-04-16,2886.TW,兆豐金,39.95,58.68,➖ 量平,🔥 多頭,➖ 中性/偏空,✅ 持股觀望,⚠️【大變盤預警】通道極度壓縮！
2026-04-16,2027.TW,大成鋼,37.30,48.37,📉 量縮,🔄 盤整,➖ 中性/偏空,✅ 持股觀望,⚠️【大變盤預警】通道極度壓縮！
2026-04-16,2409.TW,友達,20.70,72.56,➖ 量平,🔥 多頭,➖ 中性/偏空,✅ 持股觀望,無特殊徵兆
2026-04-16,2352.TW,佳世達,25.25,62.48,➖ 量平,🔥 多頭,➖ 中性/偏空,✅ 持股觀望,無特殊徵兆
2026-04-16,2317.TW,鴻海,207.00,51.92,➖ 量平,🔥 多頭,➖ 中性/偏空,💼 已列入持股防禦區 | 📍 防線: 197.9,無特殊徵兆
2026-04-16,6116.TW,彩晶,9.27,61.46,📈 出量,🔥 多頭,➖ 中性/偏空,💼 已列入持股防禦區 | 📍 防線: 8.5,🚀【無壓巡航】突破 20 日高！
2026-04-16,8431.TWO,匯鑽科,65.40,51.30,📉 量縮,🔄 盤整,無資料,💼 已列入持股防禦區 | 📍 防線: 59.3,無特殊徵兆
2026-04-16,3231.TW,緯創,134.00,55.03,➖ 量平,🔄 盤整,➖ 中性/偏空,💼 已列入持股防禦區 | 📍 防線: 129.8,無特殊徵兆
2026-04-16,3037.TW,欣興 (ABF載板),645.00,65.89,📉 量縮,🔥 多頭,➖ 中性/偏空,✅ 持股觀望,無特殊徵兆
2026-04-16,2612.TW,中航 (4天週期，5MA防線),59.20,56.61,📈 出量,🔥 多頭,➖ 中性/偏空,💼 已列入持股防禦區 | 📍 防線: 55.6,無特殊徵兆
2026-04-16,9933.TW,中鼎 (等跌深KD金叉),37.95,63.88,📈 出量,🔥 多頭,➖ 中性/偏空,✅ 持股觀望,無特殊徵兆
2026-04-16,5388.TW,中磊,83.50,60.35,📉 量縮,🔥 多頭,➖ 中性/偏空,✅ 持股觀望,無特殊徵兆
2026-04-16,1326.TW,台化,52.10,61.78,📉 量縮,🔥 多頭,➖ 中性/偏空,✅ 持股觀望,無特殊徵兆
2026-04-16,2337.TW,旺宏,139.00,54.38,📉 量縮,🔄 盤整,➖ 中性/偏空,✅ 持股觀望,無特殊徵兆
2026-04-16,2330.TW,台積電,2085.00,69.13,➖ 量平,🔥 多頭,➖ 中性/偏空,✅ 持股觀望,無特殊徵兆
2026-04-16,0050.TW,元大台灣50,85.00,70.38,📉 量縮,🔥 多頭,➖ 中性/偏空,✅ 持股觀望,無特殊徵兆
2026-04-16,AAPL,蘋果,266.43,62.26,📈 出量,🔥 多頭,無資料,✅ 持股觀望,🚀【無壓巡航】突破 20 日高！
2026-04-16,NVDA,輝達,198.87,69.77,📈 出量,🔥 多頭,無資料,💼 已列入持股防禦區 | 📍 防線: 188.2,🚀【無壓巡航】突破 20 日高！
2026-04-16,2408.TW,南亞科,213.50,45.39,📉 量縮,🧊 空頭,➖ 中性/偏空,✅ 持股觀望,無特殊徵兆
2026-04-16,2382.TW,廣達,318.50,62.56,📉 量縮,🔥 多頭,➖ 中性/偏空,✅ 持股觀望,無特殊徵兆
2026-04-16,2886.TW,兆豐金,39.95,58.68,➖ 量平,🔥 多頭,➖ 中性/偏空,✅ 持股觀望,⚠️【大變盤預警】通道極度壓縮！
2026-04-16,2027.TW,大成鋼,37.30,48.37,📉 量縮,🔄 盤整,➖ 中性/偏空,✅ 持股觀望,⚠️【大變盤預警】通道極度壓縮！
2026-04-16,2409.TW,友達,20.70,72.56,➖ 量平,🔥 多頭,➖ 中性/偏空,✅ 持股觀望,無特殊徵兆
2026-04-16,2352.TW,佳世達,25.25,62.48,➖ 量平,🔥 多頭,➖ 中性/偏空,✅ 持股觀望,無特殊徵兆
2026-04-16,2317.TW,鴻海,207.00,51.92,➖ 量平,🔥 多頭,➖ 中性/偏空,💼 已列入持股防禦區 | 📍 防線: 197.9,無特殊徵兆
2026-04-16,6116.TW,彩晶,9.27,61.46,📈 出量,🔥 多頭,➖ 中性/偏空,💼 已列入持股防禦區 | 📍 防線: 8.5,🚀【無壓巡航】突破 20 日高！
2026-04-16,8431.TWO,匯鑽科,65.40,51.30,📉 量縮,🔄 盤整,無資料,💼 已列入持股防禦區 | 📍 防線: 59.3,無特殊徵兆
2026-04-16,3231.TW,緯創,134.00,55.03,➖ 量平,🔄 盤整,➖ 中性/偏空,💼 已列入持股防禦區 | 📍 防線: 129.8,無特殊徵兆
2026-04-16,3037.TW,欣興 (ABF載板),645.00,65.89,📉 量縮,🔥 多頭,➖ 中性/偏空,✅ 持股觀望,無特殊徵兆
2026-04-16,2612.TW,中航 (4天週期，5MA防線),59.20,56.61,📈 出量,🔥 多頭,➖ 中性/偏空,💼 已列入持股防禦區 | 📍 防線: 55.6,無特殊徵兆
2026-04-16,9933.TW,中鼎 (等跌深KD金叉),37.95,63.88,📈 出量,🔥 多頭,➖ 中性/偏空,✅ 持股觀望,無特殊徵兆
2026-04-16,5388.TW,中磊,83.50,60.35,📉 量縮,🔥 多頭,➖ 中性/偏空,✅ 持股觀望,無特殊徵兆
2026-04-16,1326.TW,台化,52.10,61.78,📉 量縮,🔥 多頭,➖ 中性/偏空,💼 已列入持股防禦區 | 📍 防線: 45.7,無特殊徵兆
2026-04-16,2337.TW,旺宏,139.00,54.38,📉 量縮,🔄 盤整,➖ 中性/偏空,✅ 持股觀望,無特殊徵兆
2026-04-16,2330.TW,台積電,2085.00,69.13,➖ 量平,🔥 多頭,➖ 中性/偏空,✅ 持股觀望,無特殊徵兆
2026-04-16,0050.TW,元大台灣50,85.00,70.38,📉 量縮,🔥 多頭,➖ 中性/偏空,✅ 持股觀望,無特殊徵兆
2026-04-16,AAPL,蘋果,266.43,62.26,📈 出量,🔥 多頭,無資料,✅ 持股觀望,🚀【無壓巡航】突破 20 日高！
2026-04-16,NVDA,輝達,198.87,69.77,📈 出量,🔥 多頭,無資料,💼 已列入持股防禦區 | 📍 防線: 188.2,🚀【無壓巡航】突破 20 日高！
2026-04-16,2408.TW,南亞科,213.50,45.39,📉 量縮,🧊 空頭,➖ 中性/偏空,✅ 持股觀望,無特殊徵兆
2026-04-16,2382.TW,廣達,318.50,62.56,📉 量縮,🔥 多頭,➖ 中性/偏空,✅ 持股觀望,無特殊徵兆
2026-04-16,2886.TW,兆豐金,39.95,58.68,➖ 量平,🔥 多頭,➖ 中性/偏空,✅ 持股觀望,⚠️【大變盤預警】通道極度壓縮！
2026-04-16,2027.TW,大成鋼,37.30,48.37,📉 量縮,🔄 盤整,➖ 中性/偏空,✅ 持股觀望,⚠️【大變盤預警】通道極度壓縮！
2026-04-16,2409.TW,友達,20.70,72.56,➖ 量平,🔥 多頭,➖ 中性/偏空,✅ 持股觀望,無特殊徵兆
2026-04-16,2352.TW,佳世達,25.25,62.48,➖ 量平,🔥 多頭,➖ 中性/偏空,✅ 持股觀望,無特殊徵兆
2026-04-16,2317.TW,鴻海,207.00,51.92,➖ 量平,🔥 多頭,➖ 中性/偏空,💼 已列入持股防禦區 | 📍 防線: 197.9,無特殊徵兆
2026-04-16,6116.TW,彩晶,9.27,61.46,📈 出量,🔥 多頭,➖ 中性/偏空,💼 已列入持股防禦區 | 📍 防線: 8.5,🚀【無壓巡航】突破 20 日高！
2026-04-16,8431.TWO,匯鑽科,65.40,51.30,📉 量縮,🔄 盤整,無資料,💼 已列入持股防禦區 | 📍 防線: 59.3,無特殊徵兆
2026-04-16,3231.TW,緯創,134.00,55.03,➖ 量平,🔄 盤整,➖ 中性/偏空,💼 已列入持股防禦區 | 📍 防線: 129.8,無特殊徵兆
2026-04-16,3037.TW,欣興 (ABF載板),645.00,65.89,📉 量縮,🔥 多頭,➖ 中性/偏空,✅ 持股觀望,無特殊徵兆
2026-04-16,2612.TW,中航 (4天週期，5MA防線),59.20,56.61,📈 出量,🔥 多頭,➖ 中性/偏空,💼 已列入持股防禦區 | 📍 防線: 55.6,無特殊徵兆
2026-04-16,9933.TW,中鼎 (等跌深KD金叉),37.95,63.88,📈 出量,🔥 多頭,➖ 中性/偏空,✅ 持股觀望,無特殊徵兆
2026-04-16,5388.TW,中磊,83.50,60.35,📉 量縮,🔥 多頭,➖ 中性/偏空,✅ 持股觀望,無特殊徵兆
2026-04-16,1326.TW,台化,52.10,61.78,📉 量縮,🔥 多頭,➖ 中性/偏空,💼 已列入持股防禦區 | 📍 防線: 45.7,無特殊徵兆
2026-04-16,2337.TW,旺宏,139.00,54.38,📉 量縮,🔄 盤整,➖ 中性/偏空,✅ 持股觀望,無特殊徵兆
2026-04-16,2330.TW,台積電,2085.00,69.13,➖ 量平,🔥 多頭,➖ 中性/偏空,✅ 持股觀望,無特殊徵兆
2026-04-16,0050.TW,元大台灣50,85.00,70.38,📉 量縮,🔥 多頭,➖ 中性/偏空,✅ 持股觀望,無特殊徵兆
2026-04-16,AAPL,蘋果,266.43,62.26,📈 出量,🔥 多頭,無資料,✅ 持股觀望,🚀【無壓巡航】突破 20 日高！
2026-04-16,NVDA,輝達,198.87,69.77,📈 出量,🔥 多頭,無資料,💼 已列入持股防禦區 | 📍 防線: 188.2,🚀【無壓巡航】突破 20 日高！
2026-04-16,2408.TW,南亞科,213.50,45.39,📉 量縮,🧊 空頭,➖ 中性/偏空,✅ 持股觀望,無特殊徵兆
2026-04-16,2382.TW,廣達,318.50,62.56,📉 量縮,🔥 多頭,➖ 中性/偏空,✅ 持股觀望,無特殊徵兆
2026-04-16,2886.TW,兆豐金,39.95,58.68,➖ 量平,🔥 多頭,➖ 中性/偏空,✅ 持股觀望,⚠️【大變盤預警】通道極度壓縮！
2026-04-16,2027.TW,大成鋼,37.30,48.37,📉 量縮,🔄 盤整,➖ 中性/偏空,✅ 持股觀望,⚠️【大變盤預警】通道極度壓縮！
2026-04-16,2409.TW,友達,20.70,72.56,➖ 量平,🔥 多頭,➖ 中性/偏空,✅ 持股觀望,無特殊徵兆
2026-04-16,2352.TW,佳世達,25.25,62.48,➖ 量平,🔥 多頭,➖ 中性/偏空,✅ 持股觀望,無特殊徵兆
2026-04-16,2317.TW,鴻海,207.00,51.92,➖ 量平,🔥 多頭,➖ 中性/偏空,💼 已列入持股防禦區 | 📍 防線: 197.9,無特殊徵兆
2026-04-16,6116.TW,彩晶,9.27,61.46,📈 出量,🔥 多頭,➖ 中性/偏空,💼 已列入持股防禦區 | 📍 防線: 8.5,🚀【無壓巡航】突破 20 日高！
2026-04-16,8431.TWO,匯鑽科,65.40,51.30,📉 量縮,🔄 盤整,無資料,💼 已列入持股防禦區 | 📍 防線: 59.3,無特殊徵兆
2026-04-16,3231.TW,緯創,134.00,55.03,➖ 量平,🔄 盤整,➖ 中性/偏空,💼 已列入持股防禦區 | 📍 防線: 129.8,無特殊徵兆
2026-04-17,3037.TW,欣興 (ABF載板),643.00,65.50,📉 量縮,🔥 多頭,➖ 中性/偏空,✅ 持股觀望,無特殊徵兆
2026-04-17,2612.TW,中航 (4天週期，5MA防線),60.00,58.90,➖ 量平,🔥 多頭,➖ 中性/偏空,💼 已列入持股防禦區 | 📍 防線: 56.5,無特殊徵兆
2026-04-17,9933.TW,中鼎 (等跌深KD金叉),38.50,65.74,➖ 量平,🔥 多頭,➖ 中性/偏空,✅ 持股觀望,無特殊徵兆
2026-04-17,5388.TW,中磊,82.20,56.97,➖ 量平,🔄 盤整,➖ 中性/偏空,✅ 持股觀望,無特殊徵兆
2026-04-17,1326.TW,台化,51.00,59.14,📉 量縮,🔄 盤整,➖ 中性/偏空,💼 已列入持股防禦區 | 📍 防線: 45.7,無特殊徵兆
2026-04-17,2337.TW,旺宏,131.00,50.20,📉 量縮,🔄 盤整,➖ 中性/偏空,✅ 持股觀望,無特殊徵兆
2026-04-17,2330.TW,台積電,2030.00,61.69,➖ 量平,🔄 盤整,➖ 中性/偏空,✅ 持股觀望,無特殊徵兆
2026-04-17,0050.TW,元大台灣50,84.15,67.11,➖ 量平,🔥 多頭,➖ 中性/偏空,✅ 持股觀望,無特殊徵兆
2026-04-17,AAPL,蘋果,263.40,57.43,➖ 量平,🔥 多頭,無資料,✅ 持股觀望,無特殊徵兆
2026-04-17,NVDA,輝達,198.35,68.90,➖ 量平,🔥 多頭,無資料,💼 已列入持股防禦區 | 📍 防線: 188.2,無特殊徵兆
2026-04-17,2408.TW,南亞科,210.00,44.29,📉 量縮,🧊 空頭,➖ 中性/偏空,✅ 持股觀望,無特殊徵兆
2026-04-17,2382.TW,廣達,323.00,64.52,➖ 量平,🔥 多頭,➖ 中性/偏空,✅ 持股觀望,無特殊徵兆
2026-04-17,2886.TW,兆豐金,39.50,51.91,➖ 量平,🔄 盤整,➖ 中性/偏空,✅ 持股觀望,⚠️【大變盤預警】通道極度壓縮！
2026-04-17,2027.TW,大成鋼,37.60,50.97,📉 量縮,🔄 盤整,➖ 中性/偏空,✅ 持股觀望,⚠️【大變盤預警】通道極度壓縮！
2026-04-17,2409.TW,友達,19.85,65.86,📉 量縮,🔥 多頭,➖ 中性/偏空,✅ 持股觀望,無特殊徵兆
2026-04-17,2352.TW,佳世達,25.65,65.58,📈 出量,🔥 多頭,➖ 中性/偏空,✅ 持股觀望,🚀【無壓巡航】突破 20 日高！
2026-04-17,2317.TW,鴻海,206.00,50.82,➖ 量平,🔥 多頭,➖ 中性/偏空,💼 已列入持股防禦區 | 📍 防線: 197.9,無特殊徵兆
2026-04-17,6116.TW,彩晶,8.95,55.28,➖ 量平,🔥 多頭,➖ 中性/偏空,💼 已列入持股防禦區 | 📍 防線: 8.5,無特殊徵兆
2026-04-17,8431.TWO,匯鑽科,66.20,52.51,📉 量縮,🔥 多頭,無資料,💼 已列入持股防禦區 | 📍 防線: 59.3,無特殊徵兆
2026-04-17,3231.TW,緯創,136.50,58.41,➖ 量平,🔥 多頭,➖ 中性/偏空,💼 已列入持股防禦區 | 📍 防線: 129.8,無特殊徵兆
2026-04-17,3037.TW,欣興 (ABF載板),643.00,65.50,📉 量縮,🔥 多頭,➖ 中性/偏空,✅ 持股觀望,無特殊徵兆
2026-04-17,2612.TW,中航 (4天週期，5MA防線),60.00,58.90,➖ 量平,🔥 多頭,➖ 中性/偏空,💼 已列入持股防禦區 | 📍 防線: 56.5,無特殊徵兆
2026-04-17,9933.TW,中鼎 (等跌深KD金叉),38.50,65.74,➖ 量平,🔥 多頭,➖ 中性/偏空,✅ 持股觀望,無特殊徵兆
2026-04-17,5388.TW,中磊,82.20,56.97,➖ 量平,🔄 盤整,➖ 中性/偏空,✅ 持股觀望,無特殊徵兆
2026-04-17,1326.TW,台化,51.00,59.14,📉 量縮,🔄 盤整,➖ 中性/偏空,💼 已列入持股防禦區 | 📍 防線: 45.7,無特殊徵兆
2026-04-17,2337.TW,旺宏,131.00,50.20,📉 量縮,🔄 盤整,➖ 中性/偏空,✅ 持股觀望,無特殊徵兆
2026-04-17,2330.TW,台積電,2030.00,61.69,➖ 量平,🔄 盤整,➖ 中性/偏空,✅ 持股觀望,無特殊徵兆
2026-04-17,0050.TW,元大台灣50,84.15,67.11,➖ 量平,🔥 多頭,➖ 中性/偏空,✅ 持股觀望,無特殊徵兆
2026-04-17,AAPL,蘋果,263.40,57.43,➖ 量平,🔥 多頭,無資料,✅ 持股觀望,無特殊徵兆
2026-04-17,NVDA,輝達,198.35,68.90,➖ 量平,🔥 多頭,無資料,💼 已列入持股防禦區 | 📍 防線: 188.2,無特殊徵兆
2026-04-17,2408.TW,南亞科,210.00,44.29,📉 量縮,🧊 空頭,➖ 中性/偏空,✅ 持股觀望,無特殊徵兆
2026-04-17,2382.TW,廣達,323.00,64.52,➖ 量平,🔥 多頭,➖ 中性/偏空,✅ 持股觀望,無特殊徵兆
2026-04-17,2886.TW,兆豐金,39.50,51.91,➖ 量平,🔄 盤整,➖ 中性/偏空,✅ 持股觀望,⚠️【大變盤預警】通道極度壓縮！
2026-04-17,2027.TW,大成鋼,37.60,50.97,📉 量縮,🔄 盤整,➖ 中性/偏空,✅ 持股觀望,⚠️【大變盤預警】通道極度壓縮！
2026-04-17,2409.TW,友達,19.85,65.86,📉 量縮,🔥 多頭,➖ 中性/偏空,✅ 持股觀望,無特殊徵兆
2026-04-17,2352.TW,佳世達,25.65,65.58,📈 出量,🔥 多頭,➖ 中性/偏空,✅ 持股觀望,🚀【無壓巡航】突破 20 日高！
2026-04-17,2317.TW,鴻海,206.00,50.82,➖ 量平,🔥 多頭,➖ 中性/偏空,💼 已列入持股防禦區 | 📍 防線: 197.9,無特殊徵兆
2026-04-17,6116.TW,彩晶,8.95,55.28,➖ 量平,🔥 多頭,➖ 中性/偏空,💼 已列入持股防禦區 | 📍 防線: 8.5,無特殊徵兆
2026-04-17,8431.TWO,匯鑽科,66.20,52.51,📉 量縮,🔥 多頭,無資料,💼 已列入持股防禦區 | 📍 防線: 59.3,無特殊徵兆
2026-04-17,3231.TW,緯創,136.50,58.41,➖ 量平,🔥 多頭,➖ 中性/偏空,💼 已列入持股防禦區 | 📍 防線: 129.8,無特殊徵兆
2026-04-19,3037.TW,欣興 (ABF載板),643.00,65.50,📉 量縮,🔥 多頭,➖ 中性/偏空,✅ 持股觀望,無特殊徵兆
2026-04-19,2612.TW,中航 (4天週期，5MA防線),60.00,58.90,➖ 量平,🔥 多頭,➖ 中性/偏空,💼 已列入持股防禦區 | 📍 防線: 56.5,無特殊徵兆
2026-04-19,9933.TW,中鼎 (等跌深KD金叉),38.50,65.74,➖ 量平,🔥 多頭,➖ 中性/偏空,✅ 持股觀望,無特殊徵兆
2026-04-19,5388.TW,中磊,82.20,56.97,➖ 量平,🔄 盤整,➖ 中性/偏空,✅ 持股觀望,無特殊徵兆
2026-04-19,1326.TW,台化,51.00,59.14,📉 量縮,🔄 盤整,➖ 中性/偏空,💼 已列入持股防禦區 | 📍 防線: 45.7,無特殊徵兆
2026-04-19,2337.TW,旺宏,131.00,50.20,📉 量縮,🔄 盤整,➖ 中性/偏空,✅ 持股觀望,無特殊徵兆
2026-04-19,2330.TW,台積電,2030.00,61.69,➖ 量平,🔄 盤整,➖ 中性/偏空,✅ 持股觀望,無特殊徵兆
2026-04-19,0050.TW,元大台灣50,84.15,67.11,➖ 量平,🔥 多頭,➖ 中性/偏空,✅ 持股觀望,無特殊徵兆
2026-04-19,AAPL,蘋果,270.23,64.18,📈 出量,🔥 多頭,無資料,✅ 持股觀望,🚀【無壓巡航】突破 20 日高！
2026-04-19,NVDA,輝達,201.68,71.37,➖ 量平,🔥 多頭,無資料,💼 已列入持股防禦區 | 📍 防線: 188.2,無特殊徵兆
2026-04-19,2408.TW,南亞科,210.00,44.29,📉 量縮,🧊 空頭,➖ 中性/偏空,✅ 持股觀望,無特殊徵兆
2026-04-19,2382.TW,廣達,323.00,64.52,➖ 量平,🔥 多頭,➖ 中性/偏空,✅ 持股觀望,無特殊徵兆
2026-04-19,2886.TW,兆豐金,39.50,51.91,➖ 量平,🔄 盤整,➖ 中性/偏空,✅ 持股觀望,⚠️【大變盤預警】通道極度壓縮！
2026-04-19,2027.TW,大成鋼,37.60,50.97,📉 量縮,🔄 盤整,➖ 中性/偏空,✅ 持股觀望,⚠️【大變盤預警】通道極度壓縮！
2026-04-19,2409.TW,友達,19.85,65.86,📉 量縮,🔥 多頭,➖ 中性/偏空,✅ 持股觀望,無特殊徵兆
2026-04-19,2352.TW,佳世達,25.65,65.58,📈 出量,🔥 多頭,➖ 中性/偏空,✅ 持股觀望,🚀【無壓巡航】突破 20 日高！
2026-04-19,2317.TW,鴻海,206.00,50.82,➖ 量平,🔥 多頭,➖ 中性/偏空,💼 已列入持股防禦區 | 📍 防線: 197.9,無特殊徵兆
2026-04-19,6116.TW,彩晶,8.95,55.28,➖ 量平,🔥 多頭,➖ 中性/偏空,💼 已列入持股防禦區 | 📍 防線: 8.5,無特殊徵兆
2026-04-19,8431.TWO,匯鑽科,66.20,52.51,📉 量縮,🔥 多頭,無資料,💼 已列入持股防禦區 | 📍 防線: 59.3,無特殊徵兆
2026-04-19,3231.TW,緯創,136.50,58.41,➖ 量平,🔥 多頭,➖ 中性/偏空,💼 已列入持股防禦區 | 📍 防線: 129.8,無特殊徵兆
2026-04-19,3037.TW,欣興 (ABF載板),643.00,65.50,📉 量縮,🔥 多頭,➖ 中性/偏空,✅ 持股觀望,無特殊徵兆
2026-04-19,2612.TW,中航 (4天週期，5MA防線),60.00,58.90,➖ 量平,🔥 多頭,➖ 中性/偏空,💼 已列入持股防禦區 | 📍 防線: 56.5,無特殊徵兆
2026-04-19,6415.TW,矽力-KY,332.50,67.74,📈 出量,🔥 多頭,➖ 中性/偏空,✅ 持股觀望,🚀【無壓巡航】突破 20 日高！
2026-04-19,2303.TW,聯電,73.00,71.74,📈 出量,🔥 多頭,➖ 中性/偏空,✅ 持股觀望,🚀【無壓巡航】突破 20 日高！
2026-04-19,9933.TW,中鼎 (等跌深KD金叉),38.50,65.74,➖ 量平,🔥 多頭,➖ 中性/偏空,✅ 持股觀望,無特殊徵兆
2026-04-19,5388.TW,中磊,82.20,56.97,➖ 量平,🔄 盤整,➖ 中性/偏空,✅ 持股觀望,無特殊徵兆
2026-04-19,1326.TW,台化,51.00,59.14,📉 量縮,🔄 盤整,➖ 中性/偏空,💼 已列入持股防禦區 | 📍 防線: 45.7,無特殊徵兆
2026-04-19,2337.TW,旺宏,131.00,50.20,📉 量縮,🔄 盤整,➖ 中性/偏空,✅ 持股觀望,無特殊徵兆
2026-04-19,2330.TW,台積電,2030.00,61.69,➖ 量平,🔄 盤整,➖ 中性/偏空,✅ 持股觀望,無特殊徵兆
2026-04-19,0050.TW,元大台灣50,84.15,67.11,➖ 量平,🔥 多頭,➖ 中性/偏空,✅ 持股觀望,無特殊徵兆
2026-04-19,AAPL,蘋果,270.23,64.18,📈 出量,🔥 多頭,無資料,✅ 持股觀望,🚀【無壓巡航】突破 20 日高！
2026-04-19,NVDA,輝達,201.68,71.37,➖ 量平,🔥 多頭,無資料,💼 已列入持股防禦區 | 📍 防線: 188.2,無特殊徵兆
2026-04-19,2408.TW,南亞科,210.00,44.29,📉 量縮,🧊 空頭,➖ 中性/偏空,✅ 持股觀望,無特殊徵兆
2026-04-19,2382.TW,廣達,323.00,64.52,➖ 量平,🔥 多頭,➖ 中性/偏空,✅ 持股觀望,無特殊徵兆
2026-04-19,2886.TW,兆豐金,39.50,51.91,➖ 量平,🔄 盤整,➖ 中性/偏空,✅ 持股觀望,⚠️【大變盤預警】通道極度壓縮！
2026-04-19,2027.TW,大成鋼,37.60,50.97,📉 量縮,🔄 盤整,➖ 中性/偏空,✅ 持股觀望,⚠️【大變盤預警】通道極度壓縮！
2026-04-19,2409.TW,友達,19.85,65.86,📉 量縮,🔥 多頭,➖ 中性/偏空,✅ 持股觀望,無特殊徵兆
2026-04-19,2352.TW,佳世達,25.65,65.58,📈 出量,🔥 多頭,➖ 中性/偏空,✅ 持股觀望,🚀【無壓巡航】突破 20 日高！
2026-04-19,2317.TW,鴻海,206.00,50.82,➖ 量平,🔥 多頭,➖ 中性/偏空,💼 已列入持股防禦區 | 📍 防線: 197.9,無特殊徵兆
2026-04-19,6116.TW,彩晶,8.95,55.28,➖ 量平,🔥 多頭,➖ 中性/偏空,💼 已列入持股防禦區 | 📍 防線: 8.5,無特殊徵兆
2026-04-19,8431.TWO,匯鑽科,66.20,52.51,📉 量縮,🔥 多頭,無資料,💼 已列入持股防禦區 | 📍 防線: 59.3,無特殊徵兆
2026-04-19,3231.TW,緯創,136.50,58.41,➖ 量平,🔥 多頭,➖ 中性/偏空,💼 已列入持股防禦區 | 📍 防線: 129.8,無特殊徵兆
2026-04-19,8436.TWO,雷達選股 (進場價約 125.0),125.00,49.49,➖ 量平,🔄 盤整,無資料,✅ 持股觀望,⚠️【大變盤預警】通道極度壓縮！
2026-04-19,3037.TW,欣興 (ABF載板),643.00,65.50,📉 量縮,🔥 多頭,➖ 中性/偏空,✅ 持股觀望,無特殊徵兆
2026-04-19,2612.TW,中航 (4天週期，5MA防線),60.00,58.90,➖ 量平,🔥 多頭,➖ 中性/偏空,💼 已列入持股防禦區 | 📍 防線: 56.5,無特殊徵兆
2026-04-19,6415.TW,矽力-KY,332.50,67.74,📈 出量,🔥 多頭,➖ 中性/偏空,✅ 持股觀望,🚀【無壓巡航】突破 20 日高！
2026-04-19,2303.TW,聯電,73.00,71.74,📈 出量,🔥 多頭,➖ 中性/偏空,✅ 持股觀望,🚀【無壓巡航】突破 20 日高！
2026-04-19,9933.TW,中鼎 (監控日線止跌訊號),38.50,65.74,➖ 量平,🔥 多頭,➖ 中性/偏空,✅ 持股觀望,無特殊徵兆
2026-04-19,6415.TW,矽力*-KY (20週線支撐對策),332.50,67.74,📈 出量,🔥 多頭,➖ 中性/偏空,✅ 持股觀望,🚀【無壓巡航】突破 20 日高！
2026-04-19,2330.TW,台積電,2030.00,61.69,➖ 量平,🔄 盤整,➖ 中性/偏空,✅ 持股觀望,無特殊徵兆
2026-04-19,0050.TW,元大台灣50,84.15,67.11,➖ 量平,🔥 多頭,➖ 中性/偏空,✅ 持股觀望,無特殊徵兆
2026-04-19,AAPL,蘋果,270.23,64.18,📈 出量,🔥 多頭,無資料,✅ 持股觀望,🚀【無壓巡航】突破 20 日高！
2026-04-19,NVDA,輝達,201.68,71.37,➖ 量平,🔥 多頭,無資料,💼 已列入持股防禦區 | 📍 防線: 188.2,無特殊徵兆
2026-04-19,2408.TW,南亞科,210.00,44.29,📉 量縮,🧊 空頭,➖ 中性/偏空,✅ 持股觀望,無特殊徵兆
2026-04-19,2382.TW,廣達,323.00,64.52,➖ 量平,🔥 多頭,➖ 中性/偏空,✅ 持股觀望,無特殊徵兆
2026-04-19,2886.TW,兆豐金,39.50,51.91,➖ 量平,🔄 盤整,➖ 中性/偏空,✅ 持股觀望,⚠️【大變盤預警】通道極度壓縮！
2026-04-19,2027.TW,大成鋼,37.60,50.97,📉 量縮,🔄 盤整,➖ 中性/偏空,✅ 持股觀望,⚠️【大變盤預警】通道極度壓縮！
2026-04-19,2409.TW,友達,19.85,65.86,📉 量縮,🔥 多頭,➖ 中性/偏空,✅ 持股觀望,無特殊徵兆
2026-04-19,2352.TW,佳世達,25.65,65.58,📈 出量,🔥 多頭,➖ 中性/偏空,✅ 持股觀望,🚀【無壓巡航】突破 20 日高！
2026-04-19,2317.TW,鴻海,206.00,50.82,➖ 量平,🔥 多頭,➖ 中性/偏空,💼 已列入持股防禦區 | 📍 防線: 197.9,無特殊徵兆
2026-04-19,6116.TW,彩晶,8.95,55.28,➖ 量平,🔥 多頭,➖ 中性/偏空,💼 已列入持股防禦區 | 📍 防線: 8.5,無特殊徵兆
2026-04-19,8431.TWO,匯鑽科,66.20,52.51,📉 量縮,🔥 多頭,無資料,💼 已列入持股防禦區 | 📍 防線: 59.3,無特殊徵兆
2026-04-19,3231.TW,緯創,136.50,58.41,➖ 量平,🔥 多頭,➖ 中性/偏空,💼 已列入持股防禦區 | 📍 防線: 129.8,無特殊徵兆
2026-04-19,8436.TWO,雷達選股 (進場價約 125.0),125.00,49.49,➖ 量平,🔄 盤整,無資料,✅ 持股觀望,⚠️【大變盤預警】通道極度壓縮！
2026-04-19,2303.TW,閃電突擊 (參考價 73.0，跌破5MA停損),73.00,71.74,📈 出量,🔥 多頭,➖ 中性/偏空,✅ 持股觀望,🚀【無壓巡航】突破 20 日高！
2026-04-19,3013.TW,閃電突擊 (參考價 111.0，跌破5MA停損),111.00,62.56,📈 出量,🔥 多頭,➖ 中性/偏空,✅ 持股觀望,無特殊徵兆
2026-04-19,6415.TW,閃電突擊 (參考價 332.5，跌破5MA停損),332.50,67.74,📈 出量,🔥 多頭,➖ 中性/偏空,✅ 持股觀望,🚀【無壓巡航】突破 20 日高！
2026-04-19,3037.TW,欣興 (ABF載板),643.00,65.50,📉 量縮,🔥 多頭,➖ 中性/偏空,✅ 持股觀望,無特殊徵兆
2026-04-19,2612.TW,中航 (4天週期，5MA防線),60.00,58.90,➖ 量平,🔥 多頭,➖ 中性/偏空,💼 已列入持股防禦區 | 📍 防線: 56.5,無特殊徵兆
2026-04-19,2303.TW,聯電,73.00,71.74,📈 出量,🔥 多頭,➖ 中性/偏空,✅ 持股觀望,🚀【無壓巡航】突破 20 日高！
2026-04-19,9933.TW,中鼎 (監控日線止跌訊號),38.50,65.74,➖ 量平,🔥 多頭,➖ 中性/偏空,✅ 持股觀望,無特殊徵兆
2026-04-19,6415.TW,矽力*-KY (20週線支撐對策),332.50,67.74,📈 出量,🔥 多頭,➖ 中性/偏空,✅ 持股觀望,🚀【無壓巡航】突破 20 日高！
2026-04-19,2330.TW,台積電,2030.00,61.69,➖ 量平,🔄 盤整,➖ 中性/偏空,✅ 持股觀望,無特殊徵兆
2026-04-19,0050.TW,元大台灣50,84.15,67.11,➖ 量平,🔥 多頭,➖ 中性/偏空,✅ 持股觀望,無特殊徵兆
2026-04-19,AAPL,蘋果,270.23,64.18,📈 出量,🔥 多頭,無資料,✅ 持股觀望,🚀【無壓巡航】突破 20 日高！
2026-04-19,NVDA,輝達,201.68,71.37,➖ 量平,🔥 多頭,無資料,💼 已列入持股防禦區 | 📍 防線: 188.2,無特殊徵兆
2026-04-19,2408.TW,南亞科,210.00,44.29,📉 量縮,🧊 空頭,➖ 中性/偏空,✅ 持股觀望,無特殊徵兆
2026-04-19,2382.TW,廣達,323.00,64.52,➖ 量平,🔥 多頭,➖ 中性/偏空,✅ 持股觀望,無特殊徵兆
2026-04-19,2886.TW,兆豐金,39.50,51.91,➖ 量平,🔄 盤整,➖ 中性/偏空,✅ 持股觀望,⚠️【大變盤預警】通道極度壓縮！
2026-04-19,2027.TW,大成鋼,37.60,50.97,📉 量縮,🔄 盤整,➖ 中性/偏空,✅ 持股觀望,⚠️【大變盤預警】通道極度壓縮！
2026-04-19,2409.TW,友達,19.85,65.86,📉 量縮,🔥 多頭,➖ 中性/偏空,✅ 持股觀望,無特殊徵兆
2026-04-19,2352.TW,佳世達,25.65,65.58,📈 出量,🔥 多頭,➖ 中性/偏空,✅ 持股觀望,🚀【無壓巡航】突破 20 日高！
2026-04-19,2317.TW,鴻海,206.00,50.82,➖ 量平,🔥 多頭,➖ 中性/偏空,💼 已列入持股防禦區 | 📍 防線: 197.9,無特殊徵兆
2026-04-19,6116.TW,彩晶,8.95,55.28,➖ 量平,🔥 多頭,➖ 中性/偏空,💼 已列入持股防禦區 | 📍 防線: 8.5,無特殊徵兆
2026-04-19,8431.TWO,匯鑽科,66.20,52.51,📉 量縮,🔥 多頭,無資料,💼 已列入持股防禦區 | 📍 防線: 59.3,無特殊徵兆
2026-04-19,3231.TW,緯創,136.50,58.41,➖ 量平,🔥 多頭,➖ 中性/偏空,💼 已列入持股防禦區 | 📍 防線: 129.8,無特殊徵兆
2026-04-19,8436.TWO,雷達選股 (進場價約 125.0),125.00,49.49,➖ 量平,🔄 盤整,無資料,✅ 持股觀望,⚠️【大變盤預警】通道極度壓縮！
2026-04-19,2303.TW,閃電突擊 (參考價 73.0，跌破5MA停損),73.00,71.74,📈 出量,🔥 多頭,➖ 中性/偏空,✅ 持股觀望,🚀【無壓巡航】突破 20 日高！
2026-04-19,3013.TW,閃電突擊 (參考價 111.0，跌破5MA停損),111.00,62.56,📈 出量,🔥 多頭,➖ 中性/偏空,✅ 持股觀望,無特殊徵兆
2026-04-19,6415.TW,閃電突擊 (參考價 332.5，跌破5MA停損),332.50,67.74,📈 出量,🔥 多頭,➖ 中性/偏空,✅ 持股觀望,🚀【無壓巡航】突破 20 日高！
2026-04-19,3037.TW,欣興 (ABF載板),643.00,65.50,📉 量縮,🔥 多頭,➖ 中性/偏空,✅ 持股觀望,無特殊徵兆
2026-04-19,2612.TW,中航 (4天週期，5MA防線),60.00,58.90,➖ 量平,🔥 多頭,➖ 中性/偏空,💼 已列入持股防禦區 | 📍 防線: 56.5,無特殊徵兆
2026-04-19,6415.TW,矽力-KY,332.50,67.74,📈 出量,🔥 多頭,➖ 中性/偏空,✅ 持股觀望,🚀【無壓巡航】突破 20 日高！
2026-04-19,2303.TW,聯電 (二波衝鋒),73.00,71.74,📈 出量,🔥 多頭,➖ 中性/偏空,✅ 持股觀望,🚀【無壓巡航】突破 20 日高！
2026-04-19,9933.TW,中鼎 (監控日線止跌訊號),38.50,65.74,➖ 量平,🔥 多頭,➖ 中性/偏空,✅ 持股觀望,無特殊徵兆
2026-04-19,6415.TW,矽力*-KY (20週線支撐對策),332.50,67.74,📈 出量,🔥 多頭,➖ 中性/偏空,✅ 持股觀望,🚀【無壓巡航】突破 20 日高！
2026-04-19,2330.TW,台積電,2030.00,61.69,➖ 量平,🔄 盤整,➖ 中性/偏空,✅ 持股觀望,無特殊徵兆
2026-04-19,0050.TW,元大台灣50,84.15,67.11,➖ 量平,🔥 多頭,➖ 中性/偏空,✅ 持股觀望,無特殊徵兆
2026-04-19,AAPL,蘋果,270.23,64.18,📈 出量,🔥 多頭,無資料,✅ 持股觀望,🚀【無壓巡航】突破 20 日高！
2026-04-19,NVDA,輝達,201.68,71.37,➖ 量平,🔥 多頭,無資料,💼 已列入持股防禦區 | 📍 防線: 188.2,無特殊徵兆
2026-04-19,2408.TW,南亞科,210.00,44.29,📉 量縮,🧊 空頭,➖ 中性/偏空,✅ 持股觀望,無特殊徵兆
2026-04-19,2382.TW,廣達,323.00,64.52,➖ 量平,🔥 多頭,➖ 中性/偏空,✅ 持股觀望,無特殊徵兆
2026-04-19,2886.TW,兆豐金,39.50,51.91,➖ 量平,🔄 盤整,➖ 中性/偏空,✅ 持股觀望,⚠️【大變盤預警】通道極度壓縮！
2026-04-19,2027.TW,大成鋼,37.60,50.97,📉 量縮,🔄 盤整,➖ 中性/偏空,✅ 持股觀望,⚠️【大變盤預警】通道極度壓縮！
2026-04-19,2409.TW,友達,19.85,65.86,📉 量縮,🔥 多頭,➖ 中性/偏空,✅ 持股觀望,無特殊徵兆
2026-04-19,2352.TW,佳世達,25.65,65.58,📈 出量,🔥 多頭,➖ 中性/偏空,✅ 持股觀望,🚀【無壓巡航】突破 20 日高！
2026-04-19,2317.TW,鴻海,206.00,50.82,➖ 量平,🔥 多頭,➖ 中性/偏空,💼 已列入持股防禦區 | 📍 防線: 197.9,無特殊徵兆
2026-04-19,6116.TW,彩晶,8.95,55.28,➖ 量平,🔥 多頭,➖ 中性/偏空,💼 已列入持股防禦區 | 📍 防線: 8.5,無特殊徵兆
2026-04-19,8431.TWO,匯鑽科,66.20,52.51,📉 量縮,🔥 多頭,無資料,💼 已列入持股防禦區 | 📍 防線: 59.3,無特殊徵兆
2026-04-19,3231.TW,緯創,136.50,58.41,➖ 量平,🔥 多頭,➖ 中性/偏空,💼 已列入持股防禦區 | 📍 防線: 129.8,無特殊徵兆
2026-04-19,8436.TWO,雷達選股 (進場價約 125.0),125.00,49.49,➖ 量平,🔄 盤整,無資料,✅ 持股觀望,⚠️【大變盤預警】通道極度壓縮！
2026-04-19,2303.TW,閃電突擊 (參考價 73.0，跌破5MA停損),73.00,71.74,📈 出量,🔥 多頭,➖ 中性/偏空,✅ 持股觀望,🚀【無壓巡航】突破 20 日高！
2026-04-19,3013.TW,閃電突擊 (參考價 111.0，跌破5MA停損),111.00,62.56,📈 出量,🔥 多頭,➖ 中性/偏空,✅ 持股觀望,無特殊徵兆
2026-04-19,6415.TW,閃電突擊 (參考價 332.5，跌破5MA停損),332.50,67.74,📈 出量,🔥 多頭,➖ 中性/偏空,✅ 持股觀望,🚀【無壓巡航】突破 20 日高！
2026-04-20,3037.TW,欣興 (ABF載板),643.00,65.50,📉 量縮,🔥 多頭,➖ 中性/偏空,✅ 持股觀望,無特殊徵兆
2026-04-20,2612.TW,中航 (4天週期，5MA防線),60.00,58.90,➖ 量平,🔥 多頭,➖ 中性/偏空,💼 已列入持股防禦區 | 📍 防線: 56.5,無特殊徵兆
2026-04-20,6415.TW,矽力-KY,332.50,67.74,📈 出量,🔥 多頭,➖ 中性/偏空,✅ 持股觀望,🚀【無壓巡航】突破 20 日高！
2026-04-20,2303.TW,聯電 (二波衝鋒),73.00,71.74,📈 出量,🔥 多頭,無資料,✅ 持股觀望,🚀【無壓巡航】突破 20 日高！
2026-04-20,9933.TW,中鼎 (監控日線止跌訊號),38.50,65.74,➖ 量平,🔥 多頭,➖ 中性/偏空,✅ 持股觀望,無特殊徵兆
2026-04-20,6415.TW,矽力*-KY (20週線支撐對策),332.50,67.74,📈 出量,🔥 多頭,➖ 中性/偏空,✅ 持股觀望,🚀【無壓巡航】突破 20 日高！
2026-04-20,2330.TW,台積電,2030.00,61.69,➖ 量平,🔄 盤整,➖ 中性/偏空,✅ 持股觀望,無特殊徵兆
2026-04-20,0050.TW,元大台灣50,84.15,67.11,➖ 量平,🔥 多頭,無資料,✅ 持股觀望,無特殊徵兆
2026-04-20,AAPL,蘋果,270.23,64.18,📈 出量,🔥 多頭,無資料,✅ 持股觀望,🚀【無壓巡航】突破 20 日高！
2026-04-20,NVDA,輝達,201.68,71.37,➖ 量平,🔥 多頭,無資料,💼 已列入持股防禦區 | 📍 防線: 188.2,無特殊徵兆
2026-04-20,2408.TW,南亞科,210.00,44.29,📉 量縮,🧊 空頭,➖ 中性/偏空,✅ 持股觀望,無特殊徵兆
2026-04-20,2382.TW,廣達,323.00,64.52,➖ 量平,🔥 多頭,無資料,✅ 持股觀望,無特殊徵兆
2026-04-20,2886.TW,兆豐金,39.50,51.91,➖ 量平,🔄 盤整,➖ 中性/偏空,✅ 持股觀望,⚠️【大變盤預警】通道極度壓縮！
2026-04-20,2027.TW,大成鋼,37.60,50.97,📉 量縮,🔄 盤整,➖ 中性/偏空,✅ 持股觀望,⚠️【大變盤預警】通道極度壓縮！
2026-04-20,2409.TW,友達,19.85,65.86,📉 量縮,🔥 多頭,➖ 中性/偏空,✅ 持股觀望,無特殊徵兆
2026-04-20,2352.TW,佳世達,25.65,65.58,📈 出量,🔥 多頭,➖ 中性/偏空,✅ 持股觀望,🚀【無壓巡航】突破 20 日高！
2026-04-20,2317.TW,鴻海,206.00,50.82,➖ 量平,🔥 多頭,➖ 中性/偏空,💼 已列入持股防禦區 | 📍 防線: 197.9,無特殊徵兆
2026-04-20,6116.TW,彩晶,8.95,55.28,➖ 量平,🔥 多頭,無資料,💼 已列入持股防禦區 | 📍 防線: 8.5,無特殊徵兆
2026-04-20,8431.TWO,匯鑽科,66.20,52.51,📉 量縮,🔥 多頭,無資料,💼 已列入持股防禦區 | 📍 防線: 59.3,無特殊徵兆
2026-04-20,3231.TW,緯創,136.50,58.41,➖ 量平,🔥 多頭,➖ 中性/偏空,💼 已列入持股防禦區 | 📍 防線: 129.8,無特殊徵兆
2026-04-20,8436.TWO,雷達選股 (進場價約 125.0),125.00,49.49,➖ 量平,🔄 盤整,無資料,✅ 持股觀望,⚠️【大變盤預警】通道極度壓縮！
2026-04-20,2303.TW,閃電突擊 (參考價 73.0，跌破5MA停損),73.00,71.74,📈 出量,🔥 多頭,➖ 中性/偏空,✅ 持股觀望,🚀【無壓巡航】突破 20 日高！
2026-04-20,3013.TW,閃電突擊 (參考價 111.0，跌破5MA停損),111.00,62.56,📈 出量,🔥 多頭,➖ 中性/偏空,✅ 持股觀望,無特殊徵兆
2026-04-20,6415.TW,閃電突擊 (參考價 332.5，跌破5MA停損),332.50,67.74,📈 出量,🔥 多頭,➖ 中性/偏空,✅ 持股觀望,🚀【無壓巡航】突破 20 日高！
2026-04-20,3037.TW,欣興 (ABF載板),643.00,65.50,📉 量縮,🔥 多頭,➖ 中性/偏空,✅ 持股觀望,無特殊徵兆
2026-04-20,2612.TW,中航 (4天週期，5MA防線),60.00,58.90,➖ 量平,🔥 多頭,➖ 中性/偏空,💼 已列入持股防禦區 | 📍 防線: 56.5,無特殊徵兆
2026-04-20,6415.TW,矽力-KY,332.50,67.74,📈 出量,🔥 多頭,➖ 中性/偏空,✅ 持股觀望,🚀【無壓巡航】突破 20 日高！
2026-04-20,2303.TW,聯電 (二波衝鋒),73.00,71.74,📈 出量,🔥 多頭,➖ 中性/偏空,✅ 持股觀望,🚀【無壓巡航】突破 20 日高！
2026-04-20,9933.TW,中鼎 (監控日線止跌訊號),38.50,65.74,➖ 量平,🔥 多頭,➖ 中性/偏空,✅ 持股觀望,無特殊徵兆
2026-04-20,6415.TW,矽力*-KY (20週線支撐對策),332.50,67.74,📈 出量,🔥 多頭,➖ 中性/偏空,✅ 持股觀望,🚀【無壓巡航】突破 20 日高！
2026-04-20,2330.TW,台積電,2030.00,61.69,➖ 量平,🔄 盤整,➖ 中性/偏空,✅ 持股觀望,無特殊徵兆
2026-04-20,0050.TW,元大台灣50,84.15,67.11,➖ 量平,🔥 多頭,➖ 中性/偏空,✅ 持股觀望,無特殊徵兆
2026-04-20,AAPL,蘋果,270.23,64.18,📈 出量,🔥 多頭,無資料,✅ 持股觀望,🚀【無壓巡航】突破 20 日高！
2026-04-20,NVDA,輝達,201.68,71.37,➖ 量平,🔥 多頭,無資料,💼 已列入持股防禦區 | 📍 防線: 188.2,無特殊徵兆
2026-04-20,2408.TW,南亞科,210.00,44.29,📉 量縮,🧊 空頭,➖ 中性/偏空,✅ 持股觀望,無特殊徵兆
2026-04-20,2382.TW,廣達,323.00,64.52,➖ 量平,🔥 多頭,➖ 中性/偏空,✅ 持股觀望,無特殊徵兆
2026-04-20,2886.TW,兆豐金,39.50,51.91,➖ 量平,🔄 盤整,➖ 中性/偏空,✅ 持股觀望,⚠️【大變盤預警】通道極度壓縮！
2026-04-20,2027.TW,大成鋼,37.60,50.97,📉 量縮,🔄 盤整,➖ 中性/偏空,✅ 持股觀望,⚠️【大變盤預警】通道極度壓縮！
2026-04-20,2409.TW,友達,19.85,65.86,📉 量縮,🔥 多頭,➖ 中性/偏空,✅ 持股觀望,無特殊徵兆
2026-04-20,2352.TW,佳世達,25.65,65.58,📈 出量,🔥 多頭,➖ 中性/偏空,✅ 持股觀望,🚀【無壓巡航】突破 20 日高！
2026-04-20,2317.TW,鴻海,206.00,50.82,➖ 量平,🔥 多頭,➖ 中性/偏空,💼 已列入持股防禦區 | 📍 防線: 197.9,無特殊徵兆
2026-04-20,6116.TW,彩晶,8.95,55.28,➖ 量平,🔥 多頭,➖ 中性/偏空,💼 已列入持股防禦區 | 📍 防線: 8.5,無特殊徵兆
2026-04-20,8431.TWO,匯鑽科,66.20,52.51,📉 量縮,🔥 多頭,無資料,💼 已列入持股防禦區 | 📍 防線: 59.3,無特殊徵兆
2026-04-20,3231.TW,緯創,136.50,58.41,➖ 量平,🔥 多頭,➖ 中性/偏空,💼 已列入持股防禦區 | 📍 防線: 129.8,無特殊徵兆
2026-04-20,8436.TWO,雷達選股 (進場價約 125.0),125.00,49.49,➖ 量平,🔄 盤整,無資料,✅ 持股觀望,⚠️【大變盤預警】通道極度壓縮！
2026-04-20,2303.TW,閃電突擊 (參考價 73.0，跌破5MA停損),73.00,71.74,📈 出量,🔥 多頭,➖ 中性/偏空,✅ 持股觀望,🚀【無壓巡航】突破 20 日高！
2026-04-20,3013.TW,閃電突擊 (參考價 111.0，跌破5MA停損),111.00,62.56,📈 出量,🔥 多頭,➖ 中性/偏空,✅ 持股觀望,無特殊徵兆
2026-04-20,6415.TW,閃電突擊 (參考價 332.5，跌破5MA停損),332.50,67.74,📈 出量,🔥 多頭,➖ 中性/偏空,✅ 持股觀望,🚀【無壓巡航】突破 20 日高！
2026-04-20,3037.TW,欣興 (ABF載板),678.00,68.95,📈 出量,🔥 多頭,➖ 中性/偏空,✅ 持股觀望,🚀【無壓巡航】突破 20 日高！
2026-04-20,2612.TW,中航 (4天週期，5MA防線),57.80,50.94,📉 量縮,🔄 盤整,➖ 中性/偏空,💼 已列入持股防禦區 | 📍 防線: 56.5,無特殊徵兆
2026-04-20,6415.TW,矽力-KY,365.50,73.80,📉 量縮,🔥 多頭,➖ 中性/偏空,✅ 持股觀望,無特殊徵兆
2026-04-20,2303.TW,聯電 (二波衝鋒),76.90,75.27,📈 出量,🔥 多頭,➖ 中性/偏空,✅ 持股觀望,🚀【無壓巡航】突破 20 日高！
2026-04-20,9933.TW,中鼎 (監控日線止跌訊號),36.40,54.28,➖ 量平,🔄 盤整,➖ 中性/偏空,✅ 持股觀望,無特殊徵兆
2026-04-20,6415.TW,矽力*-KY (20週線支撐對策),365.50,73.80,📉 量縮,🔥 多頭,➖ 中性/偏空,✅ 持股觀望,無特殊徵兆
2026-04-20,2330.TW,台積電,2025.00,61.05,📉 量縮,🔄 盤整,➖ 中性/偏空,✅ 持股觀望,無特殊徵兆
2026-04-20,0050.TW,元大台灣50,84.55,67.87,➖ 量平,🔥 多頭,➖ 中性/偏空,✅ 持股觀望,無特殊徵兆
2026-04-20,AAPL,蘋果,270.23,64.18,📈 出量,🔥 多頭,無資料,✅ 持股觀望,🚀【無壓巡航】突破 20 日高！
2026-04-20,NVDA,輝達,201.68,71.37,➖ 量平,🔥 多頭,無資料,💼 已列入持股防禦區 | 📍 防線: 188.2,無特殊徵兆
2026-04-20,2408.TW,南亞科,207.00,43.32,📉 量縮,🧊 空頭,➖ 中性/偏空,✅ 持股觀望,無特殊徵兆
2026-04-20,2382.TW,廣達,329.00,66.99,➖ 量平,🔥 多頭,➖ 中性/偏空,✅ 持股觀望,無特殊徵兆
2026-04-20,2886.TW,兆豐金,39.75,55.01,📈 出量,🔥 多頭,➖ 中性/偏空,✅ 持股觀望,⚠️【大變盤預警】通道極度壓縮！
2026-04-20,2027.TW,大成鋼,36.95,45.61,➖ 量平,🔄 盤整,➖ 中性/偏空,✅ 持股觀望,⚠️【大變盤預警】通道極度壓縮！
2026-04-20,2409.TW,友達,19.25,61.54,📉 量縮,🔄 盤整,➖ 中性/偏空,✅ 持股觀望,無特殊徵兆
2026-04-20,2352.TW,佳世達,25.65,65.58,➖ 量平,🔥 多頭,➖ 中性/偏空,✅ 持股觀望,無特殊徵兆
2026-04-20,2317.TW,鴻海,207.50,52.44,📉 量縮,🔥 多頭,➖ 中性/偏空,💼 已列入持股防禦區 | 📍 防線: 197.9,無特殊徵兆
2026-04-20,6116.TW,彩晶,9.09,57.30,📉 量縮,🔥 多頭,➖ 中性/偏空,💼 已列入持股防禦區 | 📍 防線: 8.5,無特殊徵兆
2026-04-20,8431.TWO,匯鑽科,66.70,53.29,📈 出量,🔥 多頭,無資料,💼 已列入持股防禦區 | 📍 防線: 59.3,⚠️【避雷針陷阱】高檔長上影線！
2026-04-20,3231.TW,緯創,140.50,63.18,📈 出量,🔥 多頭,➖ 中性/偏空,💼 已列入持股防禦區 | 📍 防線: 131.9,🚀【無壓巡航】突破 20 日高！
2026-04-20,8436.TWO,雷達選股 (進場價約 125.0),122.00,43.19,➖ 量平,🧊 空頭,無資料,✅ 持股觀望,⚠️【大變盤預警】通道極度壓縮！
2026-04-20,2303.TW,閃電突擊 (參考價 73.0，跌破5MA停損),76.90,75.27,📈 出量,🔥 多頭,➖ 中性/偏空,✅ 持股觀望,🚀【無壓巡航】突破 20 日高！
2026-04-20,3013.TW,閃電突擊 (參考價 111.0，跌破5MA停損),112.00,63.68,➖ 量平,🔥 多頭,➖ 中性/偏空,✅ 持股觀望,無特殊徵兆
2026-04-20,6415.TW,閃電突擊 (參考價 332.5，跌破5MA停損),365.50,73.80,📉 量縮,🔥 多頭,➖ 中性/偏空,✅ 持股觀望,無特殊徵兆
2026-04-20,3037.TW,欣興 (ABF載板),678.00,68.95,📈 出量,🔥 多頭,無資料,✅ 持股觀望,🚀【無壓巡航】突破 20 日高！
2026-04-20,2612.TW,中航 (4天週期，5MA防線),57.80,50.94,📉 量縮,🔄 盤整,➖ 中性/偏空,💼 已列入持股防禦區 | 📍 防線: 56.5,無特殊徵兆
2026-04-20,6415.TW,矽力-KY,365.50,73.80,📉 量縮,🔥 多頭,➖ 中性/偏空,✅ 持股觀望,無特殊徵兆
2026-04-20,2303.TW,聯電 (二波衝鋒),76.90,75.27,📈 出量,🔥 多頭,➖ 中性/偏空,✅ 持股觀望,🚀【無壓巡航】突破 20 日高！
2026-04-20,9933.TW,中鼎 (監控日線止跌訊號),36.40,54.28,➖ 量平,🔄 盤整,➖ 中性/偏空,✅ 持股觀望,無特殊徵兆
2026-04-20,6415.TW,矽力*-KY (20週線支撐對策),365.50,73.80,📉 量縮,🔥 多頭,➖ 中性/偏空,✅ 持股觀望,無特殊徵兆
2026-04-20,2330.TW,台積電,2025.00,61.05,📉 量縮,🔄 盤整,無資料,✅ 持股觀望,無特殊徵兆
2026-04-20,0050.TW,元大台灣50,84.55,67.87,➖ 量平,🔥 多頭,➖ 中性/偏空,✅ 持股觀望,無特殊徵兆
2026-04-20,AAPL,蘋果,270.23,64.18,📈 出量,🔥 多頭,無資料,✅ 持股觀望,🚀【無壓巡航】突破 20 日高！
2026-04-20,NVDA,輝達,201.68,71.37,➖ 量平,🔥 多頭,無資料,💼 已列入持股防禦區 | 📍 防線: 188.2,無特殊徵兆
2026-04-20,2408.TW,南亞科,207.00,43.32,📉 量縮,🧊 空頭,➖ 中性/偏空,✅ 持股觀望,無特殊徵兆
2026-04-20,2382.TW,廣達,329.00,66.99,➖ 量平,🔥 多頭,➖ 中性/偏空,✅ 持股觀望,無特殊徵兆
2026-04-20,2886.TW,兆豐金,39.75,55.01,📈 出量,🔥 多頭,➖ 中性/偏空,✅ 持股觀望,⚠️【大變盤預警】通道極度壓縮！
2026-04-20,2027.TW,大成鋼,36.95,45.61,➖ 量平,🔄 盤整,➖ 中性/偏空,✅ 持股觀望,⚠️【大變盤預警】通道極度壓縮！
2026-04-20,2409.TW,友達,19.25,61.54,📉 量縮,🔄 盤整,無資料,✅ 持股觀望,無特殊徵兆
2026-04-20,2352.TW,佳世達,25.65,65.58,➖ 量平,🔥 多頭,➖ 中性/偏空,✅ 持股觀望,無特殊徵兆
2026-04-20,2317.TW,鴻海,207.50,52.44,📉 量縮,🔥 多頭,無資料,💼 已列入持股防禦區 | 📍 防線: 197.9,無特殊徵兆
2026-04-20,6116.TW,彩晶,9.09,57.30,📉 量縮,🔥 多頭,➖ 中性/偏空,💼 已列入持股防禦區 | 📍 防線: 8.5,無特殊徵兆
2026-04-20,8431.TWO,匯鑽科,66.70,53.29,📈 出量,🔥 多頭,無資料,💼 已列入持股防禦區 | 📍 防線: 59.3,⚠️【避雷針陷阱】高檔長上影線！
2026-04-20,3231.TW,緯創,140.50,63.18,📈 出量,🔥 多頭,➖ 中性/偏空,💼 已列入持股防禦區 | 📍 防線: 131.9,🚀【無壓巡航】突破 20 日高！
2026-04-20,8436.TWO,雷達選股 (進場價約 125.0),122.00,43.19,➖ 量平,🧊 空頭,無資料,✅ 持股觀望,⚠️【大變盤預警】通道極度壓縮！
2026-04-20,2303.TW,閃電突擊 (參考價 73.0，跌破5MA停損),76.90,75.27,📈 出量,🔥 多頭,➖ 中性/偏空,✅ 持股觀望,🚀【無壓巡航】突破 20 日高！
2026-04-20,3013.TW,閃電突擊 (參考價 111.0，跌破5MA停損),112.00,63.68,➖ 量平,🔥 多頭,➖ 中性/偏空,✅ 持股觀望,無特殊徵兆
2026-04-20,6415.TW,閃電突擊 (參考價 332.5，跌破5MA停損),365.50,73.80,📉 量縮,🔥 多頭,➖ 中性/偏空,✅ 持股觀望,無特殊徵兆
2026-04-20,3037.TW,欣興 (ABF載板),678.00,68.95,📈 出量,🔥 多頭,無資料,✅ 持股觀望,🚀【無壓巡航】突破 20 日高！
2026-04-20,2612.TW,中航 (4天週期，5MA防線),57.80,50.94,📉 量縮,🔄 盤整,無資料,💼 已列入持股防禦區 | 📍 防線: 56.5,無特殊徵兆
2026-04-20,6415.TW,矽力-KY,365.50,73.80,📉 量縮,🔥 多頭,無資料,✅ 持股觀望,無特殊徵兆
2026-04-20,2303.TW,聯電 (二波衝鋒),76.90,75.27,📈 出量,🔥 多頭,無資料,✅ 持股觀望,🚀【無壓巡航】突破 20 日高！
2026-04-20,9933.TW,中鼎 (監控日線止跌訊號),36.40,54.28,➖ 量平,🔄 盤整,無資料,✅ 持股觀望,無特殊徵兆
2026-04-20,6415.TW,矽力*-KY (20週線支撐對策),365.50,73.80,📉 量縮,🔥 多頭,無資料,✅ 持股觀望,無特殊徵兆
2026-04-20,2330.TW,台積電,2025.00,61.05,📉 量縮,🔄 盤整,➖ 中性/偏空,✅ 持股觀望,無特殊徵兆
2026-04-20,0050.TW,元大台灣50,84.55,67.87,➖ 量平,🔥 多頭,➖ 中性/偏空,✅ 持股觀望,無特殊徵兆
2026-04-20,AAPL,蘋果,272.24,65.89,📉 量縮,🔥 多頭,無資料,✅ 持股觀望,無特殊徵兆
2026-04-20,NVDA,輝達,198.41,65.84,📉 量縮,🔄 盤整,無資料,💼 已列入持股防禦區 | 📍 防線: 188.2,無特殊徵兆
2026-04-20,2408.TW,南亞科,207.00,43.32,📉 量縮,🧊 空頭,➖ 中性/偏空,✅ 持股觀望,無特殊徵兆
2026-04-20,2382.TW,廣達,329.00,66.99,➖ 量平,🔥 多頭,➖ 中性/偏空,✅ 持股觀望,無特殊徵兆
2026-04-20,2886.TW,兆豐金,39.75,55.01,📈 出量,🔥 多頭,➖ 中性/偏空,✅ 持股觀望,⚠️【大變盤預警】通道極度壓縮！
2026-04-20,2027.TW,大成鋼,36.95,45.61,➖ 量平,🔄 盤整,➖ 中性/偏空,✅ 持股觀望,⚠️【大變盤預警】通道極度壓縮！
2026-04-20,2409.TW,友達,19.25,61.54,📉 量縮,🔄 盤整,無資料,✅ 持股觀望,無特殊徵兆
2026-04-20,2352.TW,佳世達,25.65,65.58,➖ 量平,🔥 多頭,無資料,✅ 持股觀望,無特殊徵兆
2026-04-20,2317.TW,鴻海,207.50,52.44,📉 量縮,🔥 多頭,➖ 中性/偏空,💼 已列入持股防禦區 | 📍 防線: 197.9,無特殊徵兆
2026-04-20,6116.TW,彩晶,9.09,57.30,📉 量縮,🔥 多頭,無資料,💼 已列入持股防禦區 | 📍 防線: 8.5,無特殊徵兆
2026-04-20,8431.TWO,匯鑽科,66.70,53.29,📈 出量,🔥 多頭,無資料,💼 已列入持股防禦區 | 📍 防線: 59.3,⚠️【避雷針陷阱】高檔長上影線！
2026-04-20,3231.TW,緯創,140.50,63.18,📈 出量,🔥 多頭,➖ 中性/偏空,💼 已列入持股防禦區 | 📍 防線: 131.9,🚀【無壓巡航】突破 20 日高！
2026-04-20,8436.TWO,雷達選股 (進場價約 125.0),122.00,43.19,➖ 量平,🧊 空頭,無資料,✅ 持股觀望,⚠️【大變盤預警】通道極度壓縮！
2026-04-20,2303.TW,閃電突擊 (參考價 73.0，跌破5MA停損),76.90,75.27,📈 出量,🔥 多頭,➖ 中性/偏空,✅ 持股觀望,🚀【無壓巡航】突破 20 日高！
2026-04-20,3013.TW,閃電突擊 (參考價 111.0，跌破5MA停損),112.00,63.68,➖ 量平,🔥 多頭,➖ 中性/偏空,✅ 持股觀望,無特殊徵兆
2026-04-20,6415.TW,閃電突擊 (參考價 332.5，跌破5MA停損),365.50,73.80,📉 量縮,🔥 多頭,無資料,✅ 持股觀望,無特殊徵兆
2026-04-21,3037.TW,欣興 (ABF載板),643.00,65.50,📉 量縮,🔥 多頭,無資料,✅ 持股觀望,無特殊徵兆
2026-04-21,2612.TW,中航 (4天週期，5MA防線),60.00,58.90,➖ 量平,🔥 多頭,無資料,💼 已列入持股防禦區 | 📍 防線: 56.5,無特殊徵兆
2026-04-21,6415.TW,矽力-KY,332.50,67.74,📈 出量,🔥 多頭,無資料,✅ 持股觀望,🚀【無壓巡航】突破 20 日高！
2026-04-21,2303.TW,聯電 (二波衝鋒),73.00,71.74,📈 出量,🔥 多頭,無資料,✅ 持股觀望,🚀【無壓巡航】突破 20 日高！
2026-04-21,9933.TW,中鼎 (監控日線止跌訊號),38.50,65.74,➖ 量平,🔥 多頭,無資料,✅ 持股觀望,無特殊徵兆
2026-04-21,6415.TW,矽力*-KY (20週線支撐對策),332.50,67.74,📈 出量,🔥 多頭,無資料,✅ 持股觀望,🚀【無壓巡航】突破 20 日高！
2026-04-21,2330.TW,台積電,2030.00,61.69,➖ 量平,🔄 盤整,無資料,✅ 持股觀望,無特殊徵兆
2026-04-21,0050.TW,元大台灣50,84.55,67.87,➖ 量平,🔥 多頭,無資料,✅ 持股觀望,無特殊徵兆
2026-04-21,AAPL,蘋果,272.41,66.03,📉 量縮,🔥 多頭,無資料,✅ 持股觀望,無特殊徵兆
2026-04-21,NVDA,輝達,199.04,66.85,📉 量縮,🔥 多頭,無資料,💼 已列入持股防禦區 | 📍 防線: 188.2,無特殊徵兆
2026-04-21,2408.TW,南亞科,210.00,44.29,📉 量縮,🧊 空頭,無資料,✅ 持股觀望,無特殊徵兆
2026-04-21,2382.TW,廣達,323.00,64.52,➖ 量平,🔥 多頭,無資料,✅ 持股觀望,無特殊徵兆
2026-04-21,2886.TW,兆豐金,39.50,51.91,➖ 量平,🔄 盤整,無資料,✅ 持股觀望,⚠️【大變盤預警】通道極度壓縮！
2026-04-21,2027.TW,大成鋼,37.60,50.97,📉 量縮,🔄 盤整,無資料,✅ 持股觀望,⚠️【大變盤預警】通道極度壓縮！
2026-04-21,2409.TW,友達,19.85,65.86,📉 量縮,🔥 多頭,無資料,✅ 持股觀望,無特殊徵兆
2026-04-21,2352.TW,佳世達,25.65,65.58,📈 出量,🔥 多頭,無資料,✅ 持股觀望,🚀【無壓巡航】突破 20 日高！
2026-04-21,2317.TW,鴻海,206.00,50.82,➖ 量平,🔥 多頭,無資料,💼 已列入持股防禦區 | 📍 防線: 197.9,無特殊徵兆
2026-04-21,6116.TW,彩晶,8.95,55.28,➖ 量平,🔥 多頭,無資料,💼 已列入持股防禦區 | 📍 防線: 8.5,無特殊徵兆
2026-04-21,8431.TWO,匯鑽科,66.20,52.51,📉 量縮,🔥 多頭,無資料,💼 已列入持股防禦區 | 📍 防線: 59.3,無特殊徵兆
2026-04-21,3231.TW,緯創,136.50,58.41,➖ 量平,🔥 多頭,無資料,💼 已列入持股防禦區 | 📍 防線: 131.9,無特殊徵兆
2026-04-21,8436.TWO,雷達選股 (進場價約 125.0),125.00,49.49,➖ 量平,🔄 盤整,無資料,✅ 持股觀望,⚠️【大變盤預警】通道極度壓縮！
2026-04-21,2303.TW,閃電突擊 (參考價 73.0，跌破5MA停損),73.00,71.74,📈 出量,🔥 多頭,無資料,✅ 持股觀望,🚀【無壓巡航】突破 20 日高！
2026-04-21,3013.TW,閃電突擊 (參考價 111.0，跌破5MA停損),111.00,62.56,📈 出量,🔥 多頭,無資料,✅ 持股觀望,無特殊徵兆
2026-04-21,6415.TW,閃電突擊 (參考價 332.5，跌破5MA停損),332.50,67.74,📈 出量,🔥 多頭,無資料,✅ 持股觀望,🚀【無壓巡航】突破 20 日高！
2026-04-21,3037.TW,欣興 (ABF載板),700.00,70.92,📉 量縮,🔥 多頭,➖ 中性/偏空,✅ 持股觀望,無特殊徵兆
2026-04-21,2612.TW,中航 (4天週期，5MA防線),59.50,55.90,📉 量縮,🔥 多頭,➖ 中性/偏空,💼 已列入持股防禦區 | 📍 防線: 56.5,無特殊徵兆
2026-04-21,6415.TW,矽力-KY,393.50,77.64,➖ 量平,🔥 多頭,➖ 中性/偏空,✅ 持股觀望,無特殊徵兆
2026-04-21,2303.TW,聯電 (二波衝鋒),75.60,72.04,📉 量縮,🔥 多頭,➖ 中性/偏空,✅ 持股觀望,無特殊徵兆
2026-04-21,9933.TW,中鼎 (監控日線止跌訊號),37.20,57.33,📉 量縮,🔄 盤整,➖ 中性/偏空,✅ 持股觀望,無特殊徵兆
2026-04-21,6415.TW,矽力*-KY (20週線支撐對策),393.50,77.64,➖ 量平,🔥 多頭,➖ 中性/偏空,✅ 持股觀望,無特殊徵兆
2026-04-21,2330.TW,台積電,2050.00,63.12,📉 量縮,🔄 盤整,➖ 中性/偏空,✅ 持股觀望,無特殊徵兆
2026-04-21,0050.TW,元大台灣50,85.20,69.11,📉 量縮,🔥 多頭,➖ 中性/偏空,✅ 持股觀望,無特殊徵兆
2026-04-21,AAPL,蘋果,273.05,66.53,📉 量縮,🔥 多頭,無資料,✅ 持股觀望,無特殊徵兆
2026-04-21,NVDA,輝達,202.06,71.65,📉 量縮,🔥 多頭,無資料,💼 已列入持股防禦區 | 📍 防線: 188.2,無特殊徵兆
2026-04-21,2408.TW,南亞科,219.00,48.20,📉 量縮,🔄 盤整,➖ 中性/偏空,✅ 持股觀望,無特殊徵兆
2026-04-21,2382.TW,廣達,338.00,70.33,📉 量縮,🔥 多頭,➖ 中性/偏空,✅ 持股觀望,無特殊徵兆
2026-04-21,2886.TW,兆豐金,39.60,52.81,📉 量縮,🔄 盤整,➖ 中性/偏空,✅ 持股觀望,⚠️【大變盤預警】通道極度壓縮！
2026-04-21,2027.TW,大成鋼,37.05,46.54,📉 量縮,🧊 空頭,➖ 中性/偏空,✅ 持股觀望,⚠️【大變盤預警】通道極度壓縮！
2026-04-21,2409.TW,友達,19.30,61.76,📉 量縮,🔄 盤整,➖ 中性/偏空,✅ 持股觀望,無特殊徵兆
2026-04-21,2352.TW,佳世達,25.75,66.38,📉 量縮,🔥 多頭,➖ 中性/偏空,✅ 持股觀望,無特殊徵兆
2026-04-21,2317.TW,鴻海,210.00,55.09,📉 量縮,🔥 多頭,➖ 中性/偏空,💼 已列入持股防禦區 | 📍 防線: 197.9,無特殊徵兆
2026-04-21,6116.TW,彩晶,9.03,56.13,📉 量縮,🔄 盤整,➖ 中性/偏空,💼 已列入持股防禦區 | 📍 防線: 8.5,無特殊徵兆
2026-04-21,8431.TWO,匯鑽科,67.60,54.73,📉 量縮,🔥 多頭,無資料,💼 已列入持股防禦區 | 📍 防線: 59.3,無特殊徵兆
2026-04-21,3231.TW,緯創,144.00,66.78,➖ 量平,🔥 多頭,➖ 中性/偏空,💼 已列入持股防禦區 | 📍 防線: 135.1,無特殊徵兆
2026-04-21,8436.TWO,雷達選股 (進場價約 125.0),122.50,44.46,📉 量縮,🧊 空頭,無資料,✅ 持股觀望,⚠️【大變盤預警】通道極度壓縮！
2026-04-21,2303.TW,閃電突擊 (參考價 73.0，跌破5MA停損),75.60,72.04,📉 量縮,🔥 多頭,➖ 中性/偏空,✅ 持股觀望,無特殊徵兆
2026-04-21,3013.TW,閃電突擊 (參考價 111.0，跌破5MA停損),111.50,62.67,📉 量縮,🔥 多頭,➖ 中性/偏空,✅ 持股觀望,無特殊徵兆
2026-04-21,6415.TW,閃電突擊 (參考價 332.5，跌破5MA停損),393.50,77.64,➖ 量平,🔥 多頭,➖ 中性/偏空,✅ 持股觀望,無特殊徵兆
2026-04-21,3037.TW,欣興 (ABF載板),707.00,71.49,➖ 量平,🔥 多頭,➖ 中性/偏空,✅ 持股觀望,無特殊徵兆
2026-04-21,2612.TW,中航 (4天週期，5MA防線),58.80,53.98,📉 量縮,🔄 盤整,➖ 中性/偏空,💼 已列入持股防禦區 | 📍 防線: 56.5,無特殊徵兆
2026-04-21,6415.TW,矽力-KY,392.00,77.46,📈 出量,🔥 多頭,➖ 中性/偏空,✅ 持股觀望,🚀【無壓巡航】突破 20 日高！
2026-04-21,2303.TW,聯電 (二波衝鋒),74.80,70.19,➖ 量平,🔥 多頭,➖ 中性/偏空,✅ 持股觀望,無特殊徵兆
2026-04-21,9933.TW,中鼎 (監控日線止跌訊號),36.70,55.47,📉 量縮,🔄 盤整,➖ 中性/偏空,✅ 持股觀望,無特殊徵兆
2026-04-21,6415.TW,矽力*-KY (20週線支撐對策),392.00,77.46,📈 出量,🔥 多頭,➖ 中性/偏空,✅ 持股觀望,🚀【無壓巡航】突破 20 日高！
2026-04-21,2330.TW,台積電,2070.00,64.62,📉 量縮,🔥 多頭,➖ 中性/偏空,✅ 持股觀望,無特殊徵兆
2026-04-21,0050.TW,元大台灣50,85.95,70.43,📉 量縮,🔥 多頭,➖ 中性/偏空,✅ 持股觀望,無特殊徵兆
2026-04-21,AAPL,蘋果,273.05,66.53,📉 量縮,🔥 多頭,無資料,✅ 持股觀望,無特殊徵兆
2026-04-21,NVDA,輝達,202.06,71.65,📉 量縮,🔥 多頭,無資料,💼 已列入持股防禦區 | 📍 防線: 188.2,無特殊徵兆
2026-04-21,2408.TW,南亞科,220.00,48.57,📈 出量,🔄 盤整,➖ 中性/偏空,✅ 持股觀望,無特殊徵兆
2026-04-21,2382.TW,廣達,339.00,70.66,📉 量縮,🔥 多頭,➖ 中性/偏空,✅ 持股觀望,無特殊徵兆
2026-04-21,2886.TW,兆豐金,39.65,53.52,➖ 量平,🔄 盤整,➖ 中性/偏空,✅ 持股觀望,⚠️【大變盤預警】通道極度壓縮！
2026-04-21,2027.TW,大成鋼,37.00,46.08,📉 量縮,🧊 空頭,➖ 中性/偏空,✅ 持股觀望,⚠️【大變盤預警】通道極度壓縮！
2026-04-21,2409.TW,友達,18.85,58.77,📉 量縮,🔄 盤整,➖ 中性/偏空,✅ 持股觀望,無特殊徵兆
2026-04-21,2352.TW,佳世達,25.65,65.58,📉 量縮,🔥 多頭,➖ 中性/偏空,✅ 持股觀望,無特殊徵兆
2026-04-21,2317.TW,鴻海,211.50,56.55,➖ 量平,🔥 多頭,➖ 中性/偏空,💼 已列入持股防禦區 | 📍 防線: 197.9,無特殊徵兆
2026-04-21,6116.TW,彩晶,8.97,55.01,📉 量縮,🔄 盤整,➖ 中性/偏空,💼 已列入持股防禦區 | 📍 防線: 8.5,無特殊徵兆
2026-04-21,8431.TWO,匯鑽科,71.20,59.71,📈 出量,🔥 多頭,無資料,💼 已列入持股防禦區 | 📍 防線: 62.5,無特殊徵兆
2026-04-21,3231.TW,緯創,144.00,66.78,📈 出量,🔥 多頭,➖ 中性/偏空,💼 已列入持股防禦區 | 📍 防線: 135.1,🚀【無壓巡航】突破 20 日高！
2026-04-21,8436.TWO,雷達選股 (進場價約 125.0),123.50,46.83,📉 量縮,🔄 盤整,無資料,✅ 持股觀望,⚠️【大變盤預警】通道極度壓縮！
2026-04-21,2303.TW,閃電突擊 (參考價 73.0，跌破5MA停損),75.00,70.64,➖ 量平,🔥 多頭,➖ 中性/偏空,✅ 持股觀望,無特殊徵兆
2026-04-21,3013.TW,閃電突擊 (參考價 111.0，跌破5MA停損),109.00,58.07,📉 量縮,🔥 多頭,➖ 中性/偏空,✅ 持股觀望,無特殊徵兆
2026-04-21,6415.TW,閃電突擊 (參考價 332.5，跌破5MA停損),392.00,77.46,📈 出量,🔥 多頭,➖ 中性/偏空,✅ 持股觀望,🚀【無壓巡航】突破 20 日高！
2026-04-21,3037.TW,欣興 (ABF載板),710.00,71.73,➖ 量平,🔥 多頭,➖ 中性/偏空,✅ 持股觀望,無特殊徵兆
2026-04-21,2612.TW,中航 (4天週期，5MA防線),58.60,53.41,📉 量縮,🔄 盤整,➖ 中性/偏空,💼 已列入持股防禦區 | 📍 防線: 56.5,無特殊徵兆
2026-04-21,6415.TW,矽力-KY,394.00,77.70,📈 出量,🔥 多頭,➖ 中性/偏空,✅ 持股觀望,🚀【無壓巡航】突破 20 日高！
2026-04-21,2303.TW,聯電 (二波衝鋒),76.20,73.50,➖ 量平,🔥 多頭,➖ 中性/偏空,✅ 持股觀望,無特殊徵兆
2026-04-21,9933.TW,中鼎 (監控日線止跌訊號),37.20,57.33,📉 量縮,🔄 盤整,➖ 中性/偏空,✅ 持股觀望,無特殊徵兆
2026-04-21,6415.TW,矽力*-KY (20週線支撐對策),394.00,77.70,📈 出量,🔥 多頭,➖ 中性/偏空,✅ 持股觀望,🚀【無壓巡航】突破 20 日高！
2026-04-21,2330.TW,台積電,2050.00,63.12,➖ 量平,🔄 盤整,➖ 中性/偏空,✅ 持股觀望,無特殊徵兆
2026-04-21,0050.TW,元大台灣50,86.00,70.52,➖ 量平,🔥 多頭,➖ 中性/偏空,✅ 持股觀望,無特殊徵兆
2026-04-21,AAPL,蘋果,273.05,66.53,📉 量縮,🔥 多頭,無資料,✅ 持股觀望,無特殊徵兆
2026-04-21,NVDA,輝達,202.06,71.65,📉 量縮,🔥 多頭,無資料,💼 已列入持股防禦區 | 📍 防線: 188.2,無特殊徵兆
2026-04-21,2408.TW,南亞科,220.00,48.57,📈 出量,🔄 盤整,➖ 中性/偏空,✅ 持股觀望,無特殊徵兆
2026-04-21,2382.TW,廣達,340.00,70.98,➖ 量平,🔥 多頭,➖ 中性/偏空,✅ 持股觀望,無特殊徵兆
2026-04-21,2886.TW,兆豐金,39.45,50.77,📈 出量,🔄 盤整,➖ 中性/偏空,✅ 持股觀望,⚠️【大變盤預警】通道極度壓縮！
2026-04-21,2027.TW,大成鋼,36.95,45.61,📉 量縮,🧊 空頭,➖ 中性/偏空,✅ 持股觀望,⚠️【大變盤預警】通道極度壓縮！
2026-04-21,2409.TW,友達,18.90,59.10,📉 量縮,🔄 盤整,➖ 中性/偏空,✅ 持股觀望,無特殊徵兆
2026-04-21,2352.TW,佳世達,25.65,65.58,📉 量縮,🔥 多頭,➖ 中性/偏空,✅ 持股觀望,無特殊徵兆
2026-04-21,2317.TW,鴻海,211.00,56.07,➖ 量平,🔥 多頭,➖ 中性/偏空,💼 已列入持股防禦區 | 📍 防線: 197.9,無特殊徵兆
2026-04-21,6116.TW,彩晶,8.99,55.38,📉 量縮,🔄 盤整,➖ 中性/偏空,💼 已列入持股防禦區 | 📍 防線: 8.5,無特殊徵兆
2026-04-21,8431.TWO,匯鑽科,70.40,58.70,📈 出量,🔥 多頭,無資料,💼 已列入持股防禦區 | 📍 防線: 62.5,無特殊徵兆
2026-04-21,3231.TW,緯創,144.50,67.23,📈 出量,🔥 多頭,➖ 中性/偏空,💼 已列入持股防禦區 | 📍 防線: 135.6,🚀【無壓巡航】突破 20 日高！
2026-04-21,8436.TWO,雷達選股 (進場價約 125.0),124.00,47.95,📉 量縮,🔄 盤整,無資料,✅ 持股觀望,⚠️【大變盤預警】通道極度壓縮！
2026-04-21,2303.TW,閃電突擊 (參考價 73.0，跌破5MA停損),76.20,73.50,➖ 量平,🔥 多頭,➖ 中性/偏空,✅ 持股觀望,無特殊徵兆
2026-04-21,3013.TW,閃電突擊 (參考價 111.0，跌破5MA停損),110.00,59.83,➖ 量平,🔥 多頭,➖ 中性/偏空,✅ 持股觀望,無特殊徵兆
2026-04-21,6415.TW,閃電突擊 (參考價 332.5，跌破5MA停損),394.00,77.70,📈 出量,🔥 多頭,➖ 中性/偏空,✅ 持股觀望,🚀【無壓巡航】突破 20 日高！
2026-04-21,3037.TW,欣興 (ABF載板),710.00,71.73,➖ 量平,🔥 多頭,➖ 中性/偏空,✅ 持股觀望,無特殊徵兆
2026-04-21,2303.TW,聯電 (二波衝鋒),76.20,73.50,➖ 量平,🔥 多頭,➖ 中性/偏空,✅ 持股觀望,無特殊徵兆
2026-04-21,9933.TW,中鼎 (監控日線止跌訊號),37.20,57.33,📉 量縮,🔄 盤整,➖ 中性/偏空,✅ 持股觀望,無特殊徵兆
2026-04-21,6415.TW,矽力*-KY (20週線支撐對策),394.00,77.70,📈 出量,🔥 多頭,➖ 中性/偏空,✅ 持股觀望,🚀【無壓巡航】突破 20 日高！
2026-04-21,6269.TW,台郡,67.10,63.02,📈 出量,🔥 多頭,➖ 中性/偏空,✅ 持股觀望,🚀【無壓巡航】突破 20 日高！
2026-04-21,2330.TW,台積電,2050.00,63.12,➖ 量平,🔄 盤整,➖ 中性/偏空,✅ 持股觀望,無特殊徵兆
2026-04-21,0050.TW,元大台灣50,86.00,70.52,➖ 量平,🔥 多頭,➖ 中性/偏空,✅ 持股觀望,無特殊徵兆
2026-04-21,AAPL,蘋果,273.05,66.53,📉 量縮,🔥 多頭,無資料,✅ 持股觀望,無特殊徵兆
2026-04-21,NVDA,輝達,202.06,71.65,📉 量縮,🔥 多頭,無資料,💼 已列入持股防禦區 | 📍 防線: 188.2,無特殊徵兆
2026-04-21,2408.TW,南亞科,220.00,48.57,📈 出量,🔄 盤整,➖ 中性/偏空,✅ 持股觀望,無特殊徵兆
2026-04-21,2382.TW,廣達,340.00,70.98,➖ 量平,🔥 多頭,➖ 中性/偏空,✅ 持股觀望,無特殊徵兆
2026-04-21,2886.TW,兆豐金,39.45,50.77,📈 出量,🔄 盤整,➖ 中性/偏空,✅ 持股觀望,⚠️【大變盤預警】通道極度壓縮！
2026-04-21,2027.TW,大成鋼,36.95,45.61,📉 量縮,🧊 空頭,➖ 中性/偏空,✅ 持股觀望,⚠️【大變盤預警】通道極度壓縮！
2026-04-21,2409.TW,友達,18.90,59.10,📉 量縮,🔄 盤整,➖ 中性/偏空,✅ 持股觀望,無特殊徵兆
2026-04-21,2352.TW,佳世達,25.65,65.58,📉 量縮,🔥 多頭,➖ 中性/偏空,✅ 持股觀望,無特殊徵兆
2026-04-21,2317.TW,鴻海,211.00,56.07,➖ 量平,🔥 多頭,➖ 中性/偏空,💼 已列入持股防禦區 | 📍 防線: 197.9,無特殊徵兆
2026-04-21,6116.TW,彩晶,8.99,55.38,📉 量縮,🔄 盤整,➖ 中性/偏空,💼 已列入持股防禦區 | 📍 防線: 8.5,無特殊徵兆
2026-04-21,8431.TWO,匯鑽科,70.40,58.70,📈 出量,🔥 多頭,無資料,💼 已列入持股防禦區 | 📍 防線: 62.5,無特殊徵兆
2026-04-21,3231.TW,緯創,144.50,67.23,📈 出量,🔥 多頭,➖ 中性/偏空,💼 已列入持股防禦區 | 📍 防線: 135.6,🚀【無壓巡航】突破 20 日高！
2026-04-21,8299.TWO,雷達選股 (進場價約 1765.0),1765.00,53.17,➖ 量平,🔄 盤整,無資料,✅ 持股觀望,無特殊徵兆
2026-04-21,6269.TW,閃電突擊 (參考價 67.1，跌破5MA停損),67.10,63.02,📈 出量,🔥 多頭,➖ 中性/偏空,✅ 持股觀望,🚀【無壓巡航】突破 20 日高！
2026-04-22,3037.TW,欣興 (ABF載板),726.00,73.03,📉 量縮,🔥 多頭,➖ 中性/偏空,✅ 持股觀望,無特殊徵兆
2026-04-22,2303.TW,聯電 (二波衝鋒),79.20,76.10,📉 量縮,🔥 多頭,➖ 中性/偏空,✅ 持股觀望,無特殊徵兆
2026-04-22,9933.TW,中鼎 (監控日線止跌訊號),37.30,57.71,📉 量縮,🔄 盤整,➖ 中性/偏空,✅ 持股觀望,無特殊徵兆
2026-04-22,6415.TW,矽力*-KY (20週線支撐對策),401.00,78.54,📉 量縮,🔥 多頭,➖ 中性/偏空,✅ 持股觀望,無特殊徵兆
2026-04-22,6269.TW,台郡,71.70,69.91,➖ 量平,🔥 多頭,➖ 中性/偏空,✅ 持股觀望,無特殊徵兆
2026-04-22,2330.TW,台積電,2065.00,64.34,📉 量縮,🔥 多頭,➖ 中性/偏空,✅ 持股觀望,無特殊徵兆
2026-04-22,0050.TW,元大台灣50,86.10,70.68,📉 量縮,🔥 多頭,➖ 中性/偏空,✅ 持股觀望,無特殊徵兆
2026-04-22,AAPL,蘋果,266.17,56.72,➖ 量平,🔄 盤整,無資料,✅ 持股觀望,無特殊徵兆
2026-04-22,NVDA,輝達,199.88,67.61,📉 量縮,🔄 盤整,無資料,💼 已列入持股防禦區 | 📍 防線: 188.2,無特殊徵兆
2026-04-22,2408.TW,南亞科,217.00,47.48,📉 量縮,🔄 盤整,➖ 中性/偏空,✅ 持股觀望,無特殊徵兆
2026-04-22,2382.TW,廣達,340.50,71.15,📉 量縮,🔥 多頭,➖ 中性/偏空,✅ 持股觀望,無特殊徵兆
2026-04-22,2886.TW,兆豐金,39.45,50.78,📉 量縮,🔄 盤整,➖ 中性/偏空,✅ 持股觀望,⚠️【大變盤預警】通道極度壓縮！
2026-04-22,2027.TW,大成鋼,36.90,45.18,📉 量縮,🧊 空頭,➖ 中性/偏空,✅ 持股觀望,⚠️【大變盤預警】通道極度壓縮！
2026-04-22,2409.TW,友達,18.85,58.74,📉 量縮,🔄 盤整,➖ 中性/偏空,✅ 持股觀望,無特殊徵兆
2026-04-22,2352.TW,佳世達,25.65,65.58,📉 量縮,🔥 多頭,➖ 中性/偏空,✅ 持股觀望,無特殊徵兆
2026-04-22,2317.TW,鴻海,218.00,62.28,📉 量縮,🔥 多頭,➖ 中性/偏空,💼 已列入持股防禦區 | 📍 防線: 197.9,無特殊徵兆
2026-04-22,6116.TW,彩晶,8.94,54.39,📉 量縮,🔄 盤整,➖ 中性/偏空,💼 已列入持股防禦區 | 📍 防線: 8.5,無特殊徵兆
2026-04-22,8431.TWO,匯鑽科,71.50,60.18,📉 量縮,🔥 多頭,無資料,💼 已列入持股防禦區 | 📍 防線: 62.7,無特殊徵兆
2026-04-22,3231.TW,緯創,144.00,66.25,📉 量縮,🔥 多頭,➖ 中性/偏空,💼 已列入持股防禦區 | 📍 防線: 135.6,無特殊徵兆
2026-04-22,8299.TWO,雷達選股 (進場價約 1765.0),1755.00,52.65,📉 量縮,🔥 多頭,無資料,✅ 持股觀望,無特殊徵兆
2026-04-22,6269.TW,閃電突擊 (參考價 67.1，跌破5MA停損),71.60,69.79,➖ 量平,🔥 多頭,➖ 中性/偏空,✅ 持股觀望,無特殊徵兆
2026-04-22,3037.TW,欣興 (ABF載板),715.00,72.15,📉 量縮,🔥 多頭,➖ 中性/偏空,✅ 持股觀望,無特殊徵兆
2026-04-22,2303.TW,聯電 (二波衝鋒),77.90,75.04,📉 量縮,🔥 多頭,➖ 中性/偏空,✅ 持股觀望,無特殊徵兆
2026-04-22,9933.TW,中鼎 (監控日線止跌訊號),36.75,55.10,📉 量縮,🔄 盤整,➖ 中性/偏空,✅ 持股觀望,無特殊徵兆
2026-04-22,6415.TW,矽力*-KY (20週線支撐對策),399.50,78.36,➖ 量平,🔥 多頭,➖ 中性/偏空,✅ 持股觀望,無特殊徵兆
2026-04-22,6269.TW,台郡,70.60,68.51,📈 出量,🔥 多頭,➖ 中性/偏空,✅ 持股觀望,🚀【無壓巡航】突破 20 日高！
2026-04-22,2330.TW,台積電,2050.00,63.12,📉 量縮,🔥 多頭,➖ 中性/偏空,✅ 持股觀望,無特殊徵兆
2026-04-22,0050.TW,元大台灣50,86.25,70.93,📉 量縮,🔥 多頭,➖ 中性/偏空,✅ 持股觀望,無特殊徵兆
2026-04-22,AAPL,蘋果,266.17,56.72,➖ 量平,🔄 盤整,無資料,✅ 持股觀望,無特殊徵兆
2026-04-22,NVDA,輝達,199.88,67.61,📉 量縮,🔄 盤整,無資料,💼 已列入持股防禦區 | 📍 防線: 188.2,無特殊徵兆
2026-04-22,2408.TW,南亞科,216.00,47.12,📉 量縮,🔄 盤整,➖ 中性/偏空,✅ 持股觀望,無特殊徵兆
2026-04-22,2382.TW,廣達,335.00,67.01,📉 量縮,🔥 多頭,➖ 中性/偏空,✅ 持股觀望,無特殊徵兆
2026-04-22,2886.TW,兆豐金,39.70,53.96,📉 量縮,🔥 多頭,➖ 中性/偏空,✅ 持股觀望,⚠️【大變盤預警】通道極度壓縮！
2026-04-22,2027.TW,大成鋼,36.80,44.36,➖ 量平,🧊 空頭,➖ 中性/偏空,✅ 持股觀望,⚠️【大變盤預警】通道極度壓縮！
2026-04-22,2409.TW,友達,18.50,56.36,📉 量縮,🔄 盤整,➖ 中性/偏空,✅ 持股觀望,無特殊徵兆
2026-04-22,2352.TW,佳世達,25.85,67.27,➖ 量平,🔥 多頭,➖ 中性/偏空,✅ 持股觀望,無特殊徵兆
2026-04-22,2317.TW,鴻海,221.00,64.44,📈 出量,🔥 多頭,➖ 中性/偏空,💼 已列入持股防禦區 | 📍 防線: 197.9,🚀【無壓巡航】突破 20 日高！
2026-04-22,6116.TW,彩晶,8.84,52.52,📉 量縮,🔄 盤整,➖ 中性/偏空,💼 已列入持股防禦區 | 📍 防線: 8.5,無特殊徵兆
2026-04-22,8431.TWO,匯鑽科,74.10,63.29,📈 出量,🔥 多頭,無資料,💼 已列入持股防禦區 | 📍 防線: 65.4,🚀【無壓巡航】突破 20 日高！
2026-04-22,3231.TW,緯創,143.50,65.30,📉 量縮,🔥 多頭,➖ 中性/偏空,💼 已列入持股防禦區 | 📍 防線: 135.6,無特殊徵兆
2026-04-22,8299.TWO,雷達選股 (進場價約 1765.0),1780.00,53.84,➖ 量平,🔥 多頭,無資料,✅ 持股觀望,無特殊徵兆
2026-04-22,6269.TW,閃電突擊 (參考價 67.1，跌破5MA停損),70.80,68.78,📈 出量,🔥 多頭,➖ 中性/偏空,✅ 持股觀望,🚀【無壓巡航】突破 20 日高！
2026-04-22,3037.TW,欣興 (ABF載板),716.00,72.23,📉 量縮,🔥 多頭,➖ 中性/偏空,✅ 持股觀望,無特殊徵兆
2026-04-22,2303.TW,聯電 (二波衝鋒),78.60,75.62,📉 量縮,🔥 多頭,➖ 中性/偏空,✅ 持股觀望,無特殊徵兆
2026-04-22,9933.TW,中鼎 (監控日線止跌訊號),37.00,56.32,📉 量縮,🔄 盤整,➖ 中性/偏空,✅ 持股觀望,無特殊徵兆
2026-04-22,6415.TW,矽力*-KY (20週線支撐對策),402.50,78.71,➖ 量平,🔥 多頭,➖ 中性/偏空,✅ 持股觀望,無特殊徵兆
2026-04-22,6269.TW,台郡,70.00,67.69,📈 出量,🔥 多頭,➖ 中性/偏空,✅ 持股觀望,⚠️【避雷針陷阱】高檔長上影線！
2026-04-22,2330.TW,台積電,2050.00,63.12,➖ 量平,🔥 多頭,➖ 中性/偏空,✅ 持股觀望,無特殊徵兆
2026-04-22,0050.TW,元大台灣50,86.35,71.13,➖ 量平,🔥 多頭,➖ 中性/偏空,✅ 持股觀望,無特殊徵兆
2026-04-22,AAPL,蘋果,266.17,56.72,➖ 量平,🔄 盤整,無資料,✅ 持股觀望,無特殊徵兆
2026-04-22,NVDA,輝達,199.88,67.61,📉 量縮,🔄 盤整,無資料,💼 已列入持股防禦區 | 📍 防線: 188.2,無特殊徵兆
2026-04-22,2408.TW,南亞科,219.00,48.20,➖ 量平,🔄 盤整,➖ 中性/偏空,✅ 持股觀望,無特殊徵兆
2026-04-22,2382.TW,廣達,335.00,67.01,➖ 量平,🔥 多頭,➖ 中性/偏空,✅ 持股觀望,無特殊徵兆
2026-04-22,2886.TW,兆豐金,39.50,51.45,📈 出量,🔄 盤整,➖ 中性/偏空,✅ 持股觀望,⚠️【大變盤預警】通道極度壓縮！
2026-04-22,2027.TW,大成鋼,36.80,44.36,➖ 量平,🧊 空頭,➖ 中性/偏空,✅ 持股觀望,⚠️【大變盤預警】通道極度壓縮！
2026-04-22,2409.TW,友達,18.55,56.68,📉 量縮,🔄 盤整,➖ 中性/偏空,✅ 持股觀望,無特殊徵兆
2026-04-22,2352.TW,佳世達,26.00,68.43,➖ 量平,🔥 多頭,➖ 中性/偏空,✅ 持股觀望,無特殊徵兆
2026-04-22,2317.TW,鴻海,221.00,64.44,📈 出量,🔥 多頭,➖ 中性/偏空,💼 已列入持股防禦區 | 📍 防線: 197.9,🚀【無壓巡航】突破 20 日高！
2026-04-22,6116.TW,彩晶,8.85,52.70,📉 量縮,🔄 盤整,➖ 中性/偏空,💼 已列入持股防禦區 | 📍 防線: 8.5,無特殊徵兆
2026-04-22,8431.TWO,匯鑽科,73.50,62.62,📈 出量,🔥 多頭,無資料,💼 已列入持股防禦區 | 📍 防線: 65.4,🚀【無壓巡航】突破 20 日高！
2026-04-22,3231.TW,緯創,144.00,66.25,➖ 量平,🔥 多頭,➖ 中性/偏空,💼 已列入持股防禦區 | 📍 防線: 135.6,無特殊徵兆
2026-04-22,8299.TWO,雷達選股 (進場價約 1765.0),1775.00,53.62,➖ 量平,🔥 多頭,無資料,✅ 持股觀望,無特殊徵兆
2026-04-22,6269.TW,閃電突擊 (參考價 67.1，跌破5MA停損),70.00,67.69,📈 出量,🔥 多頭,➖ 中性/偏空,✅ 持股觀望,⚠️【避雷針陷阱】高檔長上影線！
2026-04-23,3037.TW,欣興 (ABF載板),749.00,74.88,📉 量縮,🔥 多頭,➖ 中性/偏空,✅ 持股觀望,無特殊徵兆
2026-04-23,2303.TW,聯電 (二波衝鋒),77.80,73.51,📉 量縮,🔥 多頭,➖ 中性/偏空,✅ 持股觀望,無特殊徵兆
2026-04-23,9933.TW,中鼎 (監控日線止跌訊號),36.80,55.27,📉 量縮,🔄 盤整,➖ 中性/偏空,✅ 持股觀望,無特殊徵兆
2026-04-23,6415.TW,矽力*-KY (20週線支撐對策),434.50,82.03,📉 量縮,🔥 多頭,➖ 中性/偏空,✅ 持股觀望,無特殊徵兆
2026-04-23,6269.TW,台郡,68.10,62.15,📉 量縮,🔥 多頭,➖ 中性/偏空,✅ 持股觀望,無特殊徵兆
2026-04-23,2330.TW,台積電,2130.00,69.19,📉 量縮,🔥 多頭,➖ 中性/偏空,✅ 持股觀望,無特殊徵兆
2026-04-23,0050.TW,元大台灣50,88.75,74.76,📉 量縮,🔥 多頭,➖ 中性/偏空,✅ 持股觀望,無特殊徵兆
2026-04-23,AAPL,蘋果,273.17,62.74,➖ 量平,🔥 多頭,無資料,✅ 持股觀望,無特殊徵兆
2026-04-23,NVDA,輝達,202.50,69.81,➖ 量平,🔥 多頭,無資料,💼 已列入持股防禦區 | 📍 防線: 188.2,無特殊徵兆
2026-04-23,2408.TW,南亞科,224.00,50.24,📉 量縮,🔥 多頭,➖ 中性/偏空,✅ 持股觀望,無特殊徵兆
2026-04-23,2382.TW,廣達,334.50,66.61,📉 量縮,🔥 多頭,➖ 中性/偏空,✅ 持股觀望,無特殊徵兆
2026-04-23,2886.TW,兆豐金,39.60,52.83,📉 量縮,🔥 多頭,➖ 中性/偏空,✅ 持股觀望,⚠️【大變盤預警】通道極度壓縮！
2026-04-23,2027.TW,大成鋼,36.45,41.50,📉 量縮,🧊 空頭,➖ 中性/偏空,✅ 持股觀望,⚠️【大變盤預警】通道極度壓縮！
2026-04-23,2409.TW,友達,18.30,54.96,📉 量縮,🔄 盤整,➖ 中性/偏空,✅ 持股觀望,無特殊徵兆
2026-04-23,2352.TW,佳世達,25.70,63.57,📉 量縮,🔄 盤整,➖ 中性/偏空,✅ 持股觀望,無特殊徵兆
2026-04-23,2317.TW,鴻海,230.00,69.97,📉 量縮,🔥 多頭,➖ 中性/偏空,💼 已列入持股防禦區 | 📍 防線: 197.9,無特殊徵兆
2026-04-23,6116.TW,彩晶,8.68,49.58,📉 量縮,🔄 盤整,➖ 中性/偏空,💼 已列入持股防禦區 | 📍 防線: 8.5,無特殊徵兆
2026-04-23,8431.TWO,匯鑽科,73.10,61.80,📉 量縮,🔥 多頭,無資料,💼 已列入持股防禦區 | 📍 防線: 65.4,無特殊徵兆
2026-04-23,3231.TW,緯創,143.00,64.23,📉 量縮,🔥 多頭,➖ 中性/偏空,💼 已列入持股防禦區 | 📍 防線: 135.6,無特殊徵兆
2026-04-23,2408.TW,雷達選股 (進場價約 219.0),226.00,51.01,📉 量縮,🔥 多頭,➖ 中性/偏空,✅ 持股觀望,無特殊徵兆
2026-04-23,6005.TW,雷達選股 (進場價約 28.2),28.60,53.24,📉 量縮,🔄 盤整,➖ 中性/偏空,✅ 持股觀望,⚠️【大變盤預警】通道極度壓縮！
2026-04-23,2317.TW,閃電突擊 (參考價 221.0，跌破5MA停損),230.00,69.97,📉 量縮,🔥 多頭,➖ 中性/偏空,💼 已列入持股防禦區 | 📍 防線: 197.9,無特殊徵兆
2026-04-23,4966.TWO,閃電突擊 (參考價 590.0，跌破5MA停損),620.00,72.29,📈 出量,🔥 多頭,無資料,✅ 持股觀望,⚠️【避雷針陷阱】高檔長上影線！
2026-04-23,6269.TW,閃電突擊 (參考價 70.0，跌破5MA停損),68.20,62.42,📉 量縮,🔥 多頭,➖ 中性/偏空,✅ 持股觀望,無特殊徵兆
2026-04-23,3037.TW,欣興 (ABF載板),747.00,74.73,📉 量縮,🔥 多頭,無特殊徵兆,➖ 中性/偏空,✅ 持股觀望
2026-04-23,2612.TW,中航 (4天週期，5MA防線),57.50,49.59,📉 量縮,🔄 盤整,無特殊徵兆,➖ 中性/偏空,💼 已列入持股防禦區 | 📍 防線: 56.5
2026-04-23,6415.TW,矽力-KY,425.50,81.21,📉 量縮,🔥 多頭,無特殊徵兆,➖ 中性/偏空,✅ 持股觀望
2026-04-23,2303.TW,聯電 (二波衝鋒),76.20,69.61,📉 量縮,🔥 多頭,無特殊徵兆,➖ 中性/偏空,✅ 持股觀望
2026-04-23,9933.TW,中鼎 (監控日線止跌訊號),36.50,53.76,📉 量縮,🔄 盤整,無特殊徵兆,➖ 中性/偏空,✅ 持股觀望
2026-04-23,6415.TW,矽力*-KY (20週線支撐對策),425.50,81.21,📉 量縮,🔥 多頭,無特殊徵兆,➖ 中性/偏空,✅ 持股觀望
2026-04-23,2330.TW,台積電,2110.00,67.87,📉 量縮,🔥 多頭,無特殊徵兆,➖ 中性/偏空,✅ 持股觀望
2026-04-23,0050.TW,元大台灣50,87.70,73.29,📉 量縮,🔥 多頭,無特殊徵兆,➖ 中性/偏空,✅ 持股觀望
2026-04-23,AAPL,蘋果,273.17,62.74,➖ 量平,🔥 多頭,無特殊徵兆,無資料,✅ 持股觀望
2026-04-23,NVDA,輝達,202.50,69.81,➖ 量平,🔥 多頭,無特殊徵兆,無資料,💼 已列入持股防禦區 | 📍 防線: 188.2
2026-04-23,2408.TW,南亞科,218.50,48.00,📉 量縮,🔥 多頭,無特殊徵兆,➖ 中性/偏空,✅ 持股觀望
2026-04-23,2382.TW,廣達,325.50,60.14,📉 量縮,🔄 盤整,無特殊徵兆,➖ 中性/偏空,✅ 持股觀望
2026-04-23,2886.TW,兆豐金,39.60,52.83,📉 量縮,🔥 多頭,⚠️【大變盤預警】通道極度壓縮！,➖ 中性/偏空,✅ 持股觀望
2026-04-23,2027.TW,大成鋼,36.40,41.12,📉 量縮,🧊 空頭,⚠️【大變盤預警】通道極度壓縮！,➖ 中性/偏空,✅ 持股觀望
2026-04-23,2409.TW,友達,18.00,53.02,📉 量縮,🔄 盤整,無特殊徵兆,➖ 中性/偏空,✅ 持股觀望
2026-04-23,2352.TW,佳世達,25.25,57.45,📉 量縮,🔄 盤整,無特殊徵兆,➖ 中性/偏空,✅ 持股觀望
2026-04-23,2317.TW,鴻海,225.00,67.13,➖ 量平,🔥 多頭,無特殊徵兆,➖ 中性/偏空,💼 已列入持股防禦區 | 📍 防線: 197.9
2026-04-23,6116.TW,彩晶,8.59,48.07,📉 量縮,🔄 盤整,無特殊徵兆,➖ 中性/偏空,💼 已列入持股防禦區 | 📍 防線: 8.5
2026-04-23,2408.TW,雷達選股 (進場價約 219.0),218.00,47.81,📉 量縮,🔥 多頭,無特殊徵兆,➖ 中性/偏空,✅ 持股觀望
2026-04-23,6005.TW,雷達選股 (進場價約 28.2),28.60,53.24,📉 量縮,🔄 盤整,⚠️【大變盤預警】通道極度壓縮！,➖ 中性/偏空,✅ 持股觀望
2026-04-23,2317.TW,閃電突擊 (參考價 221.0，跌破5MA停損),225.00,67.13,➖ 量平,🔥 多頭,無特殊徵兆,➖ 中性/偏空,💼 已列入持股防禦區 | 📍 防線: 197.9
2026-04-23,4966.TWO,閃電突擊 (參考價 590.0，跌破5MA停損),604.00,70.17,📈 出量,🔥 多頭,⚠️【避雷針陷阱】高檔長上影線！,無資料,✅ 持股觀望
2026-04-23,6269.TW,閃電突擊 (參考價 70.0，跌破5MA停損),68.10,62.15,📉 量縮,🔥 多頭,無特殊徵兆,➖ 中性/偏空,✅ 持股觀望
2026-04-23,3037.TW,欣興 (ABF載板),670.00,62.99,➖ 量平,🔄 盤整,無特殊徵兆,➖ 中性/偏空,✅ 持股觀望
2026-04-23,2612.TW,中航 (4天週期，5MA防線),55.60,43.94,➖ 量平,🔄 盤整,無特殊徵兆,➖ 中性/偏空,💼 已列入持股防禦區 | 📍 防線: 56.5
2026-04-23,2303.TW,聯電 (二波衝鋒),73.50,63.90,📉 量縮,🔄 盤整,無特殊徵兆,➖ 中性/偏空,✅ 持股觀望
2026-04-23,9933.TW,中鼎 (監控日線止跌訊號),36.60,54.25,📉 量縮,🔄 盤整,無特殊徵兆,➖ 中性/偏空,✅ 持股觀望
2026-04-23,6415.TW,矽力*-KY (20週線支撐對策),417.50,80.41,📈 出量,🔥 多頭,無特殊徵兆,➖ 中性/偏空,✅ 持股觀望
2026-04-23,2330.TW,台積電,2075.00,65.26,📈 出量,🔥 多頭,無特殊徵兆,➖ 中性/偏空,✅ 持股觀望
2026-04-23,0050.TW,元大台灣50,86.00,70.52,📈 出量,🔥 多頭,無特殊徵兆,➖ 中性/偏空,✅ 持股觀望
2026-04-23,AAPL,蘋果,273.17,62.74,➖ 量平,🔥 多頭,無特殊徵兆,無資料,✅ 持股觀望
2026-04-23,NVDA,輝達,202.50,69.81,➖ 量平,🔥 多頭,無特殊徵兆,無資料,💼 已列入持股防禦區 | 📍 防線: 188.2
2026-04-23,2408.TW,南亞科,207.50,44.05,📈 出量,🧊 空頭,無特殊徵兆,➖ 中性/偏空,✅ 持股觀望
2026-04-23,2382.TW,廣達,321.00,57.35,➖ 量平,🔄 盤整,無特殊徵兆,➖ 中性/偏空,✅ 持股觀望
2026-04-23,2886.TW,兆豐金,39.65,53.49,📉 量縮,🔥 多頭,⚠️【大變盤預警】通道極度壓縮！,➖ 中性/偏空,✅ 持股觀望
2026-04-23,2027.TW,大成鋼,36.05,38.66,📈 出量,🧊 空頭,無特殊徵兆,➖ 中性/偏空,✅ 持股觀望
2026-04-23,2409.TW,友達,17.70,51.21,➖ 量平,🔄 盤整,無特殊徵兆,➖ 中性/偏空,✅ 持股觀望
2026-04-23,2352.TW,佳世達,24.80,52.41,➖ 量平,🔄 盤整,無特殊徵兆,➖ 中性/偏空,✅ 持股觀望
2026-04-23,2317.TW,鴻海,222.50,65.50,📈 出量,🔥 多頭,無特殊徵兆,➖ 中性/偏空,💼 已列入持股防禦區 | 📍 防線: 197.9
2026-04-23,6116.TW,彩晶,8.37,44.74,➖ 量平,🔄 盤整,無特殊徵兆,➖ 中性/偏空,💼 已列入持股防禦區 | 📍 防線: 8.5
2026-04-23,2408.TW,雷達選股 (進場價約 219.0),207.50,44.05,📈 出量,🧊 空頭,無特殊徵兆,➖ 中性/偏空,✅ 持股觀望
2026-04-23,6005.TW,雷達選股 (進場價約 28.2),27.85,46.95,➖ 量平,🧊 空頭,⚠️【大變盤預警】通道極度壓縮！,➖ 中性/偏空,✅ 持股觀望
2026-04-23,2317.TW,閃電突擊 (參考價 221.0，跌破5MA停損),222.50,65.50,📈 出量,🔥 多頭,無特殊徵兆,➖ 中性/偏空,💼 已列入持股防禦區 | 📍 防線: 197.9
2026-04-23,4966.TWO,閃電突擊 (參考價 590.0，跌破5MA停損),594.00,68.67,📈 出量,🔥 多頭,🚀【無壓巡航】突破 20 日高！,無資料,✅ 持股觀望
2026-04-23,6269.TW,閃電突擊 (參考價 70.0，跌破5MA停損),65.60,56.11,➖ 量平,🔄 盤整,無特殊徵兆,➖ 中性/偏空,✅ 持股觀望
2026-04-23,3037.TW,欣興 (ABF載板),670.00,62.99,➖ 量平,🔄 盤整,無特殊徵兆,➖ 中性/偏空,✅ 持股觀望
2026-04-23,2612.TW,中航 (4天週期，5MA防線),55.70,44.21,➖ 量平,🔄 盤整,無特殊徵兆,➖ 中性/偏空,💼 已列入持股防禦區 | 📍 防線: 56.5
2026-04-23,2303.TW,聯電 (二波衝鋒),73.60,64.10,📉 量縮,🔄 盤整,無特殊徵兆,➖ 中性/偏空,✅ 持股觀望
2026-04-23,9933.TW,中鼎 (監控日線止跌訊號),36.80,55.27,📉 量縮,🔄 盤整,無特殊徵兆,➖ 中性/偏空,✅ 持股觀望
2026-04-23,6415.TW,矽力*-KY (20週線支撐對策),417.00,80.36,📈 出量,🔥 多頭,無特殊徵兆,➖ 中性/偏空,✅ 持股觀望
2026-04-23,2330.TW,台積電,2075.00,65.26,📈 出量,🔥 多頭,無特殊徵兆,➖ 中性/偏空,✅ 持股觀望
2026-04-23,0050.TW,元大台灣50,86.10,70.70,📈 出量,🔥 多頭,無特殊徵兆,➖ 中性/偏空,✅ 持股觀望
2026-04-23,AAPL,蘋果,273.17,62.74,➖ 量平,🔥 多頭,無特殊徵兆,無資料,✅ 持股觀望
2026-04-23,NVDA,輝達,202.50,69.81,➖ 量平,🔥 多頭,無特殊徵兆,無資料,💼 已列入持股防禦區 | 📍 防線: 188.2
2026-04-23,2408.TW,南亞科,207.50,44.05,📈 出量,🧊 空頭,無特殊徵兆,➖ 中性/偏空,✅ 持股觀望
2026-04-23,2382.TW,廣達,321.50,57.65,➖ 量平,🔄 盤整,無特殊徵兆,➖ 中性/偏空,✅ 持股觀望
2026-04-23,2886.TW,兆豐金,39.70,54.14,📉 量縮,🔥 多頭,⚠️【大變盤預警】通道極度壓縮！,➖ 中性/偏空,✅ 持股觀望
2026-04-23,2027.TW,大成鋼,36.20,39.68,📈 出量,🧊 空頭,⚠️【大變盤預警】通道極度壓縮！,➖ 中性/偏空,✅ 持股觀望
2026-04-23,2409.TW,友達,17.75,51.50,➖ 量平,🔄 盤整,無特殊徵兆,➖ 中性/偏空,✅ 持股觀望
2026-04-23,2352.TW,佳世達,24.85,52.93,➖ 量平,🔄 盤整,無特殊徵兆,➖ 中性/偏空,✅ 持股觀望
2026-04-23,2317.TW,鴻海,223.00,65.84,📈 出量,🔥 多頭,無特殊徵兆,➖ 中性/偏空,💼 已列入持股防禦區 | 📍 防線: 197.9
2026-04-23,6116.TW,彩晶,8.40,45.16,➖ 量平,🔄 盤整,無特殊徵兆,➖ 中性/偏空,💼 已列入持股防禦區 | 📍 防線: 8.5
2026-04-23,2408.TW,雷達選股 (進場價約 219.0),208.00,44.21,📈 出量,🧊 空頭,無特殊徵兆,➖ 中性/偏空,✅ 持股觀望
2026-04-23,6005.TW,雷達選股 (進場價約 28.2),27.85,46.95,➖ 量平,🧊 空頭,⚠️【大變盤預警】通道極度壓縮！,➖ 中性/偏空,✅ 持股觀望
2026-04-23,2317.TW,閃電突擊 (參考價 221.0，跌破5MA停損),223.00,65.84,📈 出量,🔥 多頭,無特殊徵兆,➖ 中性/偏空,💼 已列入持股防禦區 | 📍 防線: 197.9
2026-04-23,4966.TWO,閃電突擊 (參考價 590.0，跌破5MA停損),592.00,68.35,📈 出量,🔥 多頭,🚀【無壓巡航】突破 20 日高！,無資料,✅ 持股觀望
2026-04-23,6269.TW,閃電突擊 (參考價 70.0，跌破5MA停損),65.50,55.90,➖ 量平,🔄 盤整,無特殊徵兆,➖ 中性/偏空,✅ 持股觀望
